source_url	local_path	sha256	fetched_at	format	commit_sha	extraction_target
https://gitlab.com/YottaDB/DB/YDBDoc.git#25a97c4c8405bcccc85e7a4eadc4f91bd07b6de9:.clang-format	repo/.clang-format	c19916eb13a3f16d47004e8efcd89c3f6fd88551bc97661eff394fe9535e3bf9	2026-04-25T15:18:56.996325+00:00	asset	25a97c4c8405bcccc85e7a4eadc4f91bd07b6de9	
https://gitlab.com/YottaDB/DB/YDBDoc.git#25a97c4c8405bcccc85e7a4eadc4f91bd07b6de9:.gitignore	repo/.gitignore	fe4e19477570949e4d36d2c9c015663d8c9acc87a5987fba7451bc1af5deeb2c	2026-04-25T15:18:56.996325+00:00	asset	25a97c4c8405bcccc85e7a4eadc4f91bd07b6de9	
https://gitlab.com/YottaDB/DB/YDBDoc.git#25a97c4c8405bcccc85e7a4eadc4f91bd07b6de9:.gitlab-ci.yml	repo/.gitlab-ci.yml	b48f54284e0d51159a8d63d27c7382ef5973fae72f2843731a8809755fe3b1e3	2026-04-25T15:18:56.996325+00:00	asset	25a97c4c8405bcccc85e7a4eadc4f91bd07b6de9	
https://gitlab.com/YottaDB/DB/YDBDoc.git#25a97c4c8405bcccc85e7a4eadc4f91bd07b6de9:.gitlab/merge_request_templates/Default.md	repo/.gitlab/merge_request_templates/Default.md	adbe949cd3051905f8178a8bce4613f2ec58fdacc003fb3c13e4146189caed0a	2026-04-25T15:18:56.996325+00:00	md	25a97c4c8405bcccc85e7a4eadc4f91bd07b6de9	
https://gitlab.com/YottaDB/DB/YDBDoc.git#25a97c4c8405bcccc85e7a4eadc4f91bd07b6de9:AcculturationGuide/KSBVistAPatches.zip	repo/AcculturationGuide/KSBVistAPatches.zip	1592403891083a11620f56e12f9d5764dcdfa96337bb3b8de6d22cf3c185e68b	2026-04-25T15:18:56.996325+00:00	asset	25a97c4c8405bcccc85e7a4eadc4f91bd07b6de9	
https://gitlab.com/YottaDB/DB/YDBDoc.git#25a97c4c8405bcccc85e7a4eadc4f91bd07b6de9:AcculturationGuide/acculturation.rst	repo/AcculturationGuide/acculturation.rst	8c287635e2ffd102b2f1b8dfb867b408fba587a4d4c3875d649916192f560316	2026-04-25T15:18:56.996325+00:00	rst	25a97c4c8405bcccc85e7a4eadc4f91bd07b6de9	
https://gitlab.com/YottaDB/DB/YDBDoc.git#25a97c4c8405bcccc85e7a4eadc4f91bd07b6de9:AcculturationGuide/globaldir.svg	repo/AcculturationGuide/globaldir.svg	5b17f7bb5b34a0c35daf142c9838be5edbff9d8892ff4826f58633d65af16451	2026-04-25T15:18:56.996325+00:00	asset	25a97c4c8405bcccc85e7a4eadc4f91bd07b6de9	
https://gitlab.com/YottaDB/DB/YDBDoc.git#25a97c4c8405bcccc85e7a4eadc4f91bd07b6de9:AcculturationGuide/inc	repo/AcculturationGuide/inc	b4ff5b9c9fb01b7ccdb5b2ea04a3e65753bf2343bf1199273aa05643326d7750	2026-04-25T15:18:56.996325+00:00	asset	25a97c4c8405bcccc85e7a4eadc4f91bd07b6de9	
https://gitlab.com/YottaDB/DB/YDBDoc.git#25a97c4c8405bcccc85e7a4eadc4f91bd07b6de9:AcculturationGuide/index.rst	repo/AcculturationGuide/index.rst	0513949dd11b2f618d04c7c32230108afe7cf2c5ea5e9d4fac748138bea42421	2026-04-25T15:18:56.996325+00:00	rst	25a97c4c8405bcccc85e7a4eadc4f91bd07b6de9	
https://gitlab.com/YottaDB/DB/YDBDoc.git#25a97c4c8405bcccc85e7a4eadc4f91bd07b6de9:AcculturationGuide/install	repo/AcculturationGuide/install	4e31b7d5a7575f198679477a20239c9b7e02320bd8587028d520a189612e8265	2026-04-25T15:18:56.996325+00:00	asset	25a97c4c8405bcccc85e7a4eadc4f91bd07b6de9	
https://gitlab.com/YottaDB/DB/YDBDoc.git#25a97c4c8405bcccc85e7a4eadc4f91bd07b6de9:AcculturationGuide/main-screen.png	repo/AcculturationGuide/main-screen.png	9a91b462c94b0395442715451cc33484399056f77c5b9ed1ff9cc5203f0889ff	2026-04-25T15:18:56.996325+00:00	asset	25a97c4c8405bcccc85e7a4eadc4f91bd07b6de9	
https://gitlab.com/YottaDB/DB/YDBDoc.git#25a97c4c8405bcccc85e7a4eadc4f91bd07b6de9:AcculturationGuide/sayhelloC.c	repo/AcculturationGuide/sayhelloC.c	ce36621144369c59b8a919031f068594db5dd4b890f686fe6c50f9d9b733a7c2	2026-04-25T15:18:56.996325+00:00	asset	25a97c4c8405bcccc85e7a4eadc4f91bd07b6de9	
https://gitlab.com/YottaDB/DB/YDBDoc.git#25a97c4c8405bcccc85e7a4eadc4f91bd07b6de9:AcculturationGuide/sayhelloGo.go	repo/AcculturationGuide/sayhelloGo.go	8f27bb9eea067f54478914d256636efb2998fb5c972b76ec6291d10269e3d108	2026-04-25T15:18:56.996325+00:00	asset	25a97c4c8405bcccc85e7a4eadc4f91bd07b6de9	
https://gitlab.com/YottaDB/DB/YDBDoc.git#25a97c4c8405bcccc85e7a4eadc4f91bd07b6de9:AcculturationGuide/sayhelloLua.lua	repo/AcculturationGuide/sayhelloLua.lua	9ac43971a5916e77f20662998cc9cef58889b74bbcb872df6de7c7ef3c4881f2	2026-04-25T15:18:56.996325+00:00	asset	25a97c4c8405bcccc85e7a4eadc4f91bd07b6de9	
https://gitlab.com/YottaDB/DB/YDBDoc.git#25a97c4c8405bcccc85e7a4eadc4f91bd07b6de9:AcculturationGuide/sayhelloM.m	repo/AcculturationGuide/sayhelloM.m	fa4ca355115e6c196e23e29599189c982c30240cafc603cc56bbdb573c1fb161	2026-04-25T15:18:56.996325+00:00	asset	25a97c4c8405bcccc85e7a4eadc4f91bd07b6de9	
https://gitlab.com/YottaDB/DB/YDBDoc.git#25a97c4c8405bcccc85e7a4eadc4f91bd07b6de9:AcculturationGuide/sayhelloNode.js	repo/AcculturationGuide/sayhelloNode.js	4c8e86a742ff21c4eadd20083a988e454f5661eb126721bb618566798c4c7d92	2026-04-25T15:18:56.996325+00:00	asset	25a97c4c8405bcccc85e7a4eadc4f91bd07b6de9	
https://gitlab.com/YottaDB/DB/YDBDoc.git#25a97c4c8405bcccc85e7a4eadc4f91bd07b6de9:AcculturationGuide/sayhelloPerl.pl	repo/AcculturationGuide/sayhelloPerl.pl	ffbbe37e0bb92e0e68cf9151e353bcc7ac9cfdb9024c45784ef1ec4de2dbb3bc	2026-04-25T15:18:56.996325+00:00	asset	25a97c4c8405bcccc85e7a4eadc4f91bd07b6de9	
https://gitlab.com/YottaDB/DB/YDBDoc.git#25a97c4c8405bcccc85e7a4eadc4f91bd07b6de9:AcculturationGuide/sayhelloPython.py	repo/AcculturationGuide/sayhelloPython.py	d8747b281ceb683ff2c0b2abbda195e5bd8bad7b4ff8c9f772f7259fec355129	2026-04-25T15:18:56.996325+00:00	asset	25a97c4c8405bcccc85e7a4eadc4f91bd07b6de9	
https://gitlab.com/YottaDB/DB/YDBDoc.git#25a97c4c8405bcccc85e7a4eadc4f91bd07b6de9:AcculturationGuide/sayhello_rust.rs	repo/AcculturationGuide/sayhello_rust.rs	d91fb6b006434867c2826d54e05dc01fb96585c1e8ebd574ea6c004bc3ea9e9c	2026-04-25T15:18:56.996325+00:00	asset	25a97c4c8405bcccc85e7a4eadc4f91bd07b6de9	
https://gitlab.com/YottaDB/DB/YDBDoc.git#25a97c4c8405bcccc85e7a4eadc4f91bd07b6de9:AcculturationGuide/xyzInitC.c	repo/AcculturationGuide/xyzInitC.c	c66011932f44b734546fadabec70e9641eeb1613c4f944adcd32edb4579db24c	2026-04-25T15:18:56.996325+00:00	asset	25a97c4c8405bcccc85e7a4eadc4f91bd07b6de9	
https://gitlab.com/YottaDB/DB/YDBDoc.git#25a97c4c8405bcccc85e7a4eadc4f91bd07b6de9:AcculturationGuide/xyzInitGo.go	repo/AcculturationGuide/xyzInitGo.go	ad77442db1d26f281943339a7744e41fe3670f2b7bd9f2d85253d0880b466374	2026-04-25T15:18:56.996325+00:00	asset	25a97c4c8405bcccc85e7a4eadc4f91bd07b6de9	
https://gitlab.com/YottaDB/DB/YDBDoc.git#25a97c4c8405bcccc85e7a4eadc4f91bd07b6de9:AcculturationGuide/xyzInitLua.lua	repo/AcculturationGuide/xyzInitLua.lua	238a57767076fc9a678b589e4f2959eef365cbd86e2db488852e6ff1048e4b57	2026-04-25T15:18:56.996325+00:00	asset	25a97c4c8405bcccc85e7a4eadc4f91bd07b6de9	
https://gitlab.com/YottaDB/DB/YDBDoc.git#25a97c4c8405bcccc85e7a4eadc4f91bd07b6de9:AcculturationGuide/xyzInitM.m	repo/AcculturationGuide/xyzInitM.m	8f94e7a7253e0cd4cb2ede810af4768ae152370e5d97032ad1b1b1ebf373fdb7	2026-04-25T15:18:56.996325+00:00	asset	25a97c4c8405bcccc85e7a4eadc4f91bd07b6de9	
https://gitlab.com/YottaDB/DB/YDBDoc.git#25a97c4c8405bcccc85e7a4eadc4f91bd07b6de9:AcculturationGuide/xyzInitNode.js	repo/AcculturationGuide/xyzInitNode.js	62358d11c303ff295c75939fd236868a8b2f717d564ce48abd84666dc5b78783	2026-04-25T15:18:56.996325+00:00	asset	25a97c4c8405bcccc85e7a4eadc4f91bd07b6de9	
https://gitlab.com/YottaDB/DB/YDBDoc.git#25a97c4c8405bcccc85e7a4eadc4f91bd07b6de9:AcculturationGuide/xyzInitPerl.pl	repo/AcculturationGuide/xyzInitPerl.pl	6eb1db1abed708b854a11f1188ec6b90da883924aa95a03d0b926b70ac12317b	2026-04-25T15:18:56.996325+00:00	asset	25a97c4c8405bcccc85e7a4eadc4f91bd07b6de9	
https://gitlab.com/YottaDB/DB/YDBDoc.git#25a97c4c8405bcccc85e7a4eadc4f91bd07b6de9:AcculturationGuide/xyzInitPython.py	repo/AcculturationGuide/xyzInitPython.py	08bd1b1152939a578b98a6c64ae60130a8a44a4a1290530d47c0ab6b27a0f40e	2026-04-25T15:18:56.996325+00:00	asset	25a97c4c8405bcccc85e7a4eadc4f91bd07b6de9	
https://gitlab.com/YottaDB/DB/YDBDoc.git#25a97c4c8405bcccc85e7a4eadc4f91bd07b6de9:AcculturationGuide/xyzTransC.c	repo/AcculturationGuide/xyzTransC.c	e6b935cf12b7385f5be18a27864a2035dbd4feb99d259150a9b14865270c5253	2026-04-25T15:18:56.996325+00:00	asset	25a97c4c8405bcccc85e7a4eadc4f91bd07b6de9	
https://gitlab.com/YottaDB/DB/YDBDoc.git#25a97c4c8405bcccc85e7a4eadc4f91bd07b6de9:AcculturationGuide/xyzTransGo.go	repo/AcculturationGuide/xyzTransGo.go	2b7ffbdd994e00ad08d41e496b692171a607918893b87cb5c797e4d36f7eaf48	2026-04-25T15:18:56.996325+00:00	asset	25a97c4c8405bcccc85e7a4eadc4f91bd07b6de9	
https://gitlab.com/YottaDB/DB/YDBDoc.git#25a97c4c8405bcccc85e7a4eadc4f91bd07b6de9:AcculturationGuide/xyzTransLua.lua	repo/AcculturationGuide/xyzTransLua.lua	5ea5968ca92ab4b4139ab4a063b1627f8fa989fc438949f05cb9136a4f38ebcc	2026-04-25T15:18:56.996325+00:00	asset	25a97c4c8405bcccc85e7a4eadc4f91bd07b6de9	
https://gitlab.com/YottaDB/DB/YDBDoc.git#25a97c4c8405bcccc85e7a4eadc4f91bd07b6de9:AcculturationGuide/xyzTransM.m	repo/AcculturationGuide/xyzTransM.m	b948fcc5ec5ff08def7ce1f0d5580a3dbff7eabb6f2d02d152c0bc0557c86022	2026-04-25T15:18:56.996325+00:00	asset	25a97c4c8405bcccc85e7a4eadc4f91bd07b6de9	
https://gitlab.com/YottaDB/DB/YDBDoc.git#25a97c4c8405bcccc85e7a4eadc4f91bd07b6de9:AcculturationGuide/xyzTransNode.js	repo/AcculturationGuide/xyzTransNode.js	4626dbae14202046571eb8fe59b4c2a4f7dc42be9406fc1f8505627dfe3f1d98	2026-04-25T15:18:56.996325+00:00	asset	25a97c4c8405bcccc85e7a4eadc4f91bd07b6de9	
https://gitlab.com/YottaDB/DB/YDBDoc.git#25a97c4c8405bcccc85e7a4eadc4f91bd07b6de9:AcculturationGuide/xyzTransPerl.pl	repo/AcculturationGuide/xyzTransPerl.pl	c96bd43a01f001601dc5f1ecba0d8cab250600751aa793b9b1e7400b2689d78e	2026-04-25T15:18:56.996325+00:00	asset	25a97c4c8405bcccc85e7a4eadc4f91bd07b6de9	
https://gitlab.com/YottaDB/DB/YDBDoc.git#25a97c4c8405bcccc85e7a4eadc4f91bd07b6de9:AcculturationGuide/xyzTransPython.py	repo/AcculturationGuide/xyzTransPython.py	e5feeeac43acdecd9fa51cafe6ac59a21c8c9088a9d2fdd9d47781b60a094c7d	2026-04-25T15:18:56.996325+00:00	asset	25a97c4c8405bcccc85e7a4eadc4f91bd07b6de9	
https://gitlab.com/YottaDB/DB/YDBDoc.git#25a97c4c8405bcccc85e7a4eadc4f91bd07b6de9:AcculturationGuide/xyzVerifyC.c	repo/AcculturationGuide/xyzVerifyC.c	0137db29049fdf39fbbb1cc2111664cb938efab7c49662d2edc74501911cd19b	2026-04-25T15:18:56.996325+00:00	asset	25a97c4c8405bcccc85e7a4eadc4f91bd07b6de9	
https://gitlab.com/YottaDB/DB/YDBDoc.git#25a97c4c8405bcccc85e7a4eadc4f91bd07b6de9:AcculturationGuide/xyzVerifyGo.go	repo/AcculturationGuide/xyzVerifyGo.go	0978e002f1440a6d62d7767279858b850c26c87ff19c0c5ad5f93f2b54aa3030	2026-04-25T15:18:56.996325+00:00	asset	25a97c4c8405bcccc85e7a4eadc4f91bd07b6de9	
https://gitlab.com/YottaDB/DB/YDBDoc.git#25a97c4c8405bcccc85e7a4eadc4f91bd07b6de9:AcculturationGuide/xyzVerifyLua.lua	repo/AcculturationGuide/xyzVerifyLua.lua	d984cdd1785a0544a20dd31dc0ff76fd14fa728f42a697ddd490242670c280ad	2026-04-25T15:18:56.996325+00:00	asset	25a97c4c8405bcccc85e7a4eadc4f91bd07b6de9	
https://gitlab.com/YottaDB/DB/YDBDoc.git#25a97c4c8405bcccc85e7a4eadc4f91bd07b6de9:AcculturationGuide/xyzVerifyM.m	repo/AcculturationGuide/xyzVerifyM.m	e059de82621eb9ee9acca53389a9b65329540769a5490b4f4d94eb1c6c509fdb	2026-04-25T15:18:56.996325+00:00	asset	25a97c4c8405bcccc85e7a4eadc4f91bd07b6de9	
https://gitlab.com/YottaDB/DB/YDBDoc.git#25a97c4c8405bcccc85e7a4eadc4f91bd07b6de9:AcculturationGuide/xyzVerifyNode.js	repo/AcculturationGuide/xyzVerifyNode.js	35f5ae0bc7dd64dd4ea7ad72c3b7b844372567485606962d980c7a2eeffaad17	2026-04-25T15:18:56.996325+00:00	asset	25a97c4c8405bcccc85e7a4eadc4f91bd07b6de9	
https://gitlab.com/YottaDB/DB/YDBDoc.git#25a97c4c8405bcccc85e7a4eadc4f91bd07b6de9:AcculturationGuide/xyzVerifyPerl.pl	repo/AcculturationGuide/xyzVerifyPerl.pl	5e72fafff33a6d738b280f568bb59ce8ff84a9e152c10bef7450e80e45c55713	2026-04-25T15:18:56.996325+00:00	asset	25a97c4c8405bcccc85e7a4eadc4f91bd07b6de9	
https://gitlab.com/YottaDB/DB/YDBDoc.git#25a97c4c8405bcccc85e7a4eadc4f91bd07b6de9:AcculturationGuide/xyzVerifyPython.py	repo/AcculturationGuide/xyzVerifyPython.py	72c41826f02f82a17cb0a21a987d4fd36c40570da06ac3f5ad8ba4bf09e6b7e5	2026-04-25T15:18:56.996325+00:00	asset	25a97c4c8405bcccc85e7a4eadc4f91bd07b6de9	
https://gitlab.com/YottaDB/DB/YDBDoc.git#25a97c4c8405bcccc85e7a4eadc4f91bd07b6de9:AdminOpsGuide/ArchitectureBasic.svg	repo/AdminOpsGuide/ArchitectureBasic.svg	362a92d5c5566f9707f789380cbe3d84e215e28bddef089445a40d85e93ad976	2026-04-25T15:18:56.996325+00:00	asset	25a97c4c8405bcccc85e7a4eadc4f91bd07b6de9	
https://gitlab.com/YottaDB/DB/YDBDoc.git#25a97c4c8405bcccc85e7a4eadc4f91bd07b6de9:AdminOpsGuide/ArchitecturePlugin.svg	repo/AdminOpsGuide/ArchitecturePlugin.svg	128a0c3a71d0a06e2af4e041601c82b072d9e6ab0bb8166bf2819e28b0d738e3	2026-04-25T15:18:56.996325+00:00	asset	25a97c4c8405bcccc85e7a4eadc4f91bd07b6de9	
https://gitlab.com/YottaDB/DB/YDBDoc.git#25a97c4c8405bcccc85e7a4eadc4f91bd07b6de9:AdminOpsGuide/CONVDBKEYS.m	repo/AdminOpsGuide/CONVDBKEYS.m	1b80d8faa75929a8cb921058022a5930011c223e0920ca5af1419069d1533526	2026-04-25T15:18:56.996325+00:00	asset	25a97c4c8405bcccc85e7a4eadc4f91bd07b6de9	
https://gitlab.com/YottaDB/DB/YDBDoc.git#25a97c4c8405bcccc85e7a4eadc4f91bd07b6de9:AdminOpsGuide/about.rst	repo/AdminOpsGuide/about.rst	902035abd5b944dd23987beb5bd6d08885d3a261f9eef794f1aa15c8a2ead7fa	2026-04-25T15:18:56.996325+00:00	rst	25a97c4c8405bcccc85e7a4eadc4f91bd07b6de9	
https://gitlab.com/YottaDB/DB/YDBDoc.git#25a97c4c8405bcccc85e7a4eadc4f91bd07b6de9:AdminOpsGuide/add_db_key.png	repo/AdminOpsGuide/add_db_key.png	80fada38db40fbb37f043764ba4af6560fe9310cc49312b5a4a7af2a8a746163	2026-04-25T15:18:56.996325+00:00	asset	25a97c4c8405bcccc85e7a4eadc4f91bd07b6de9	
https://gitlab.com/YottaDB/DB/YDBDoc.git#25a97c4c8405bcccc85e7a4eadc4f91bd07b6de9:AdminOpsGuide/applarch.svg	repo/AdminOpsGuide/applarch.svg	9332d1456a78967af09a1443cacb3e1e1c36528551311042bf9c35f0863d3722	2026-04-25T15:18:56.996325+00:00	asset	25a97c4c8405bcccc85e7a4eadc4f91bd07b6de9	
https://gitlab.com/YottaDB/DB/YDBDoc.git#25a97c4c8405bcccc85e7a4eadc4f91bd07b6de9:AdminOpsGuide/backrecv.png	repo/AdminOpsGuide/backrecv.png	1d875b42da990a290647dbf75e825b267acf8466d2144ed4489b0a6ebea5886f	2026-04-25T15:18:56.996325+00:00	asset	25a97c4c8405bcccc85e7a4eadc4f91bd07b6de9	
https://gitlab.com/YottaDB/DB/YDBDoc.git#25a97c4c8405bcccc85e7a4eadc4f91bd07b6de9:AdminOpsGuide/basicops.rst	repo/AdminOpsGuide/basicops.rst	3e19a4e7988df31927e67319a8957393dad7f3e1bf50fd9db13ec40268de39b6	2026-04-25T15:18:56.996325+00:00	rst	25a97c4c8405bcccc85e7a4eadc4f91bd07b6de9	
https://gitlab.com/YottaDB/DB/YDBDoc.git#25a97c4c8405bcccc85e7a4eadc4f91bd07b6de9:AdminOpsGuide/bc_repl.gif	repo/AdminOpsGuide/bc_repl.gif	c55952ab5c041a67d13decb217926a1e35499250982680e77421b78ea1e42038	2026-04-25T15:18:56.996325+00:00	asset	25a97c4c8405bcccc85e7a4eadc4f91bd07b6de9	
https://gitlab.com/YottaDB/DB/YDBDoc.git#25a97c4c8405bcccc85e7a4eadc4f91bd07b6de9:AdminOpsGuide/containers.rst	repo/AdminOpsGuide/containers.rst	cfec9ea2af7ca6630f6a4e502585681eea9e12b32011154ec41b17737e572ea5	2026-04-25T15:18:56.996325+00:00	rst	25a97c4c8405bcccc85e7a4eadc4f91bd07b6de9	
https://gitlab.com/YottaDB/DB/YDBDoc.git#25a97c4c8405bcccc85e7a4eadc4f91bd07b6de9:AdminOpsGuide/dbmgmt.rst	repo/AdminOpsGuide/dbmgmt.rst	11996d84493e09568ddbfb10157b5329bbe238b2ae1cabe6a067048280a4d5d9	2026-04-25T15:18:56.996325+00:00	rst	25a97c4c8405bcccc85e7a4eadc4f91bd07b6de9	
https://gitlab.com/YottaDB/DB/YDBDoc.git#25a97c4c8405bcccc85e7a4eadc4f91bd07b6de9:AdminOpsGuide/dbrepl.rst	repo/AdminOpsGuide/dbrepl.rst	a429efa3c8bdc4e29033076ee7362650d7bde03e7d02fa69f8524681b8fb1a37	2026-04-25T15:18:56.996325+00:00	rst	25a97c4c8405bcccc85e7a4eadc4f91bd07b6de9	
https://gitlab.com/YottaDB/DB/YDBDoc.git#25a97c4c8405bcccc85e7a4eadc4f91bd07b6de9:AdminOpsGuide/dbupdate.gif	repo/AdminOpsGuide/dbupdate.gif	d9eb5217bd4455716d1f27d1660a7033c30e8df7df3fb7e29e95e566c4095f6e	2026-04-25T15:18:56.996325+00:00	asset	25a97c4c8405bcccc85e7a4eadc4f91bd07b6de9	
https://gitlab.com/YottaDB/DB/YDBDoc.git#25a97c4c8405bcccc85e7a4eadc4f91bd07b6de9:AdminOpsGuide/dm_audit_listener.zip	repo/AdminOpsGuide/dm_audit_listener.zip	23a97f9af8e56d5d6f68dcc87ffa737d02a1dd21cd006a03a10c55eafc5eb70d	2026-04-25T15:18:56.996325+00:00	asset	25a97c4c8405bcccc85e7a4eadc4f91bd07b6de9	
https://gitlab.com/YottaDB/DB/YDBDoc.git#25a97c4c8405bcccc85e7a4eadc4f91bd07b6de9:AdminOpsGuide/dse.rst	repo/AdminOpsGuide/dse.rst	109248a9b73b227e80dd43b4224e7e569de7f2b35439b064fd5d7edeeae126e8	2026-04-25T15:18:56.996325+00:00	rst	25a97c4c8405bcccc85e7a4eadc4f91bd07b6de9	
https://gitlab.com/YottaDB/DB/YDBDoc.git#25a97c4c8405bcccc85e7a4eadc4f91bd07b6de9:AdminOpsGuide/encryption.rst	repo/AdminOpsGuide/encryption.rst	e7b8990ff52a3058280494d8f1fc430b1d72507879d08d754d422b3d36f750a2	2026-04-25T15:18:56.996325+00:00	rst	25a97c4c8405bcccc85e7a4eadc4f91bd07b6de9	
https://gitlab.com/YottaDB/DB/YDBDoc.git#25a97c4c8405bcccc85e7a4eadc4f91bd07b6de9:AdminOpsGuide/extending.rst	repo/AdminOpsGuide/extending.rst	108984b50523b6a1caabc52687a61dc0e7c8e027bc84146cf6725105bd799958	2026-04-25T15:18:56.996325+00:00	rst	25a97c4c8405bcccc85e7a4eadc4f91bd07b6de9	
https://gitlab.com/YottaDB/DB/YDBDoc.git#25a97c4c8405bcccc85e7a4eadc4f91bd07b6de9:AdminOpsGuide/fwdrecov.gif	repo/AdminOpsGuide/fwdrecov.gif	ce7ba838016b4a6c0aa695e6627c0a700984f81ffc65ba7800573d0ab17b7f4a	2026-04-25T15:18:56.996325+00:00	asset	25a97c4c8405bcccc85e7a4eadc4f91bd07b6de9	
https://gitlab.com/YottaDB/DB/YDBDoc.git#25a97c4c8405bcccc85e7a4eadc4f91bd07b6de9:AdminOpsGuide/gd.svg	repo/AdminOpsGuide/gd.svg	ada834aa1ff8186e88e2b98992559fe2140241da46fccd1a993de554de11829c	2026-04-25T15:18:56.996325+00:00	asset	25a97c4c8405bcccc85e7a4eadc4f91bd07b6de9	
https://gitlab.com/YottaDB/DB/YDBDoc.git#25a97c4c8405bcccc85e7a4eadc4f91bd07b6de9:AdminOpsGuide/gde.rst	repo/AdminOpsGuide/gde.rst	11de7a8a7541dfa04fc93ef0aa13453f171ac8808044ea7d18e188e466a86fc0	2026-04-25T15:18:56.996325+00:00	rst	25a97c4c8405bcccc85e7a4eadc4f91bd07b6de9	
https://gitlab.com/YottaDB/DB/YDBDoc.git#25a97c4c8405bcccc85e7a4eadc4f91bd07b6de9:AdminOpsGuide/gds.rst	repo/AdminOpsGuide/gds.rst	3ed990c415480b303d727da223505a1716d71f92414e5382db99d4a8c6c50761	2026-04-25T15:18:56.996325+00:00	rst	25a97c4c8405bcccc85e7a4eadc4f91bd07b6de9	
https://gitlab.com/YottaDB/DB/YDBDoc.git#25a97c4c8405bcccc85e7a4eadc4f91bd07b6de9:AdminOpsGuide/gds_struc.png	repo/AdminOpsGuide/gds_struc.png	127d0910c6637daacf0957bccda542ad0c13199ed3584fbc454c5ef4d0caff7f	2026-04-25T15:18:56.996325+00:00	asset	25a97c4c8405bcccc85e7a4eadc4f91bd07b6de9	
https://gitlab.com/YottaDB/DB/YDBDoc.git#25a97c4c8405bcccc85e7a4eadc4f91bd07b6de9:AdminOpsGuide/gen_keypair.png	repo/AdminOpsGuide/gen_keypair.png	410ca22390242e0c0aa2c8c025120c92bda9445b43219c617e0ec8bdb7d03f5e	2026-04-25T15:18:56.996325+00:00	asset	25a97c4c8405bcccc85e7a4eadc4f91bd07b6de9	
https://gitlab.com/YottaDB/DB/YDBDoc.git#25a97c4c8405bcccc85e7a4eadc4f91bd07b6de9:AdminOpsGuide/gen_sym_key.png	repo/AdminOpsGuide/gen_sym_key.png	adc62a32d5f055f2727e04c047e84ca4f2d51e52cd1fb27442292e5cc2a0f908	2026-04-25T15:18:56.996325+00:00	asset	25a97c4c8405bcccc85e7a4eadc4f91bd07b6de9	
https://gitlab.com/YottaDB/DB/YDBDoc.git#25a97c4c8405bcccc85e7a4eadc4f91bd07b6de9:AdminOpsGuide/globaldir.svg	repo/AdminOpsGuide/globaldir.svg	5b17f7bb5b34a0c35daf142c9838be5edbff9d8892ff4826f58633d65af16451	2026-04-25T15:18:56.996325+00:00	asset	25a97c4c8405bcccc85e7a4eadc4f91bd07b6de9	
https://gitlab.com/YottaDB/DB/YDBDoc.git#25a97c4c8405bcccc85e7a4eadc4f91bd07b6de9:AdminOpsGuide/glossary.rst	repo/AdminOpsGuide/glossary.rst	8e58eb4d06ce4a0374769ce9da5d2d874260e160f320f29da1bea55f853d4a5e	2026-04-25T15:18:56.996325+00:00	rst	25a97c4c8405bcccc85e7a4eadc4f91bd07b6de9	
https://gitlab.com/YottaDB/DB/YDBDoc.git#25a97c4c8405bcccc85e7a4eadc4f91bd07b6de9:AdminOpsGuide/gtcm.rst	repo/AdminOpsGuide/gtcm.rst	acbbfd06c30f8cde43782938de0e39e41d0c9f23f69db098b430a49ff9d85651	2026-04-25T15:18:56.996325+00:00	rst	25a97c4c8405bcccc85e7a4eadc4f91bd07b6de9	
https://gitlab.com/YottaDB/DB/YDBDoc.git#25a97c4c8405bcccc85e7a4eadc4f91bd07b6de9:AdminOpsGuide/helen-phil.svg	repo/AdminOpsGuide/helen-phil.svg	7a339ccbbbfe5a0ff7eb92e8f13eeeef62f9f6c9f33c0fc5cee3a9a1b2524a68	2026-04-25T15:18:56.996325+00:00	asset	25a97c4c8405bcccc85e7a4eadc4f91bd07b6de9	
https://gitlab.com/YottaDB/DB/YDBDoc.git#25a97c4c8405bcccc85e7a4eadc4f91bd07b6de9:AdminOpsGuide/import_sign_key.png	repo/AdminOpsGuide/import_sign_key.png	5e74b7f39b3291bf4f8630543e6c04e58e893f2c958a363b8f2ca0b4c19786ed	2026-04-25T15:18:56.996325+00:00	asset	25a97c4c8405bcccc85e7a4eadc4f91bd07b6de9	
https://gitlab.com/YottaDB/DB/YDBDoc.git#25a97c4c8405bcccc85e7a4eadc4f91bd07b6de9:AdminOpsGuide/index.rst	repo/AdminOpsGuide/index.rst	0a03eacc5e18ed1b962932a133a329e8f854bdc2b76e6ffd9df1847bec01bcb4	2026-04-25T15:18:56.996325+00:00	rst	25a97c4c8405bcccc85e7a4eadc4f91bd07b6de9	
https://gitlab.com/YottaDB/DB/YDBDoc.git#25a97c4c8405bcccc85e7a4eadc4f91bd07b6de9:AdminOpsGuide/installydb.rst	repo/AdminOpsGuide/installydb.rst	71bc7139f0cf30a4c8a94b8d2f7a8f19bdfdab1b0ed34facdb280f8bf759c114	2026-04-25T15:18:56.996325+00:00	rst	25a97c4c8405bcccc85e7a4eadc4f91bd07b6de9	
https://gitlab.com/YottaDB/DB/YDBDoc.git#25a97c4c8405bcccc85e7a4eadc4f91bd07b6de9:AdminOpsGuide/integrity.rst	repo/AdminOpsGuide/integrity.rst	1995392216a47d43dbfec2a35af9846446de2087a6b249886d0414d598c18165	2026-04-25T15:18:56.996325+00:00	rst	25a97c4c8405bcccc85e7a4eadc4f91bd07b6de9	
https://gitlab.com/YottaDB/DB/YDBDoc.git#25a97c4c8405bcccc85e7a4eadc4f91bd07b6de9:AdminOpsGuide/ipcresource.rst	repo/AdminOpsGuide/ipcresource.rst	ca4154af5cb6a3e2cd49e79110387c6f3204f36be6e44d65c29c02a4680dcf83	2026-04-25T15:18:56.996325+00:00	rst	25a97c4c8405bcccc85e7a4eadc4f91bd07b6de9	
https://gitlab.com/YottaDB/DB/YDBDoc.git#25a97c4c8405bcccc85e7a4eadc4f91bd07b6de9:AdminOpsGuide/man.rst	repo/AdminOpsGuide/man.rst	50d4162cc81b9da036c7f747f2af1a9234e3c4670ca324c44de39b602bacdb35	2026-04-25T15:18:56.996325+00:00	rst	25a97c4c8405bcccc85e7a4eadc4f91bd07b6de9	
https://gitlab.com/YottaDB/DB/YDBDoc.git#25a97c4c8405bcccc85e7a4eadc4f91bd07b6de9:AdminOpsGuide/memory_key_ring.svg	repo/AdminOpsGuide/memory_key_ring.svg	02294e69424b6796194d1fa3deca27cfdd0f1c5a87b5db77f7c40acc1001c35b	2026-04-25T15:18:56.996325+00:00	asset	25a97c4c8405bcccc85e7a4eadc4f91bd07b6de9	
https://gitlab.com/YottaDB/DB/YDBDoc.git#25a97c4c8405bcccc85e7a4eadc4f91bd07b6de9:AdminOpsGuide/mlocks.rst	repo/AdminOpsGuide/mlocks.rst	a84ab186275231815b749110db842d50e64f0561bc1928cf4457e371043b4d31	2026-04-25T15:18:56.996325+00:00	rst	25a97c4c8405bcccc85e7a4eadc4f91bd07b6de9	
https://gitlab.com/YottaDB/DB/YDBDoc.git#25a97c4c8405bcccc85e7a4eadc4f91bd07b6de9:AdminOpsGuide/monitoring.rst	repo/AdminOpsGuide/monitoring.rst	61f7cd7227796b2add4502b2ae8074e0aed741e121184329070c8053583b9eb0	2026-04-25T15:18:56.996325+00:00	rst	25a97c4c8405bcccc85e7a4eadc4f91bd07b6de9	
https://gitlab.com/YottaDB/DB/YDBDoc.git#25a97c4c8405bcccc85e7a4eadc4f91bd07b6de9:AdminOpsGuide/monthstarting.zip	repo/AdminOpsGuide/monthstarting.zip	f49cea470778ece9bac923206288f3971bc4fbff8a6422d5cb7744ce29a2f76b	2026-04-25T15:18:56.996325+00:00	asset	25a97c4c8405bcccc85e7a4eadc4f91bd07b6de9	
https://gitlab.com/YottaDB/DB/YDBDoc.git#25a97c4c8405bcccc85e7a4eadc4f91bd07b6de9:AdminOpsGuide/mupipbackup.inc	repo/AdminOpsGuide/mupipbackup.inc	d64498b8b94f8207c597858274a09d8a53bd836be90f8c32db5c1a9d9b53b49a	2026-04-25T15:18:56.996325+00:00	asset	25a97c4c8405bcccc85e7a4eadc4f91bd07b6de9	
https://gitlab.com/YottaDB/DB/YDBDoc.git#25a97c4c8405bcccc85e7a4eadc4f91bd07b6de9:AdminOpsGuide/mupipinteg.inc	repo/AdminOpsGuide/mupipinteg.inc	f7c2ffb53945b82c1feb60154d1743a7f34cfb29d9d1ed22534b89796499fb1f	2026-04-25T15:18:56.996325+00:00	asset	25a97c4c8405bcccc85e7a4eadc4f91bd07b6de9	
https://gitlab.com/YottaDB/DB/YDBDoc.git#25a97c4c8405bcccc85e7a4eadc4f91bd07b6de9:AdminOpsGuide/mupipset.inc	repo/AdminOpsGuide/mupipset.inc	8e268c9ebb1751b91d32debec51f230303ce6ea8fe49db4b0047e287c3fca45d	2026-04-25T15:18:56.996325+00:00	asset	25a97c4c8405bcccc85e7a4eadc4f91bd07b6de9	
https://gitlab.com/YottaDB/DB/YDBDoc.git#25a97c4c8405bcccc85e7a4eadc4f91bd07b6de9:AdminOpsGuide/noprevlink.svg	repo/AdminOpsGuide/noprevlink.svg	24e05a6672e9ca1e81c3b8ff2acbe317ee6d49d5ae8a93692af857e8d6a068a2	2026-04-25T15:18:56.996325+00:00	asset	25a97c4c8405bcccc85e7a4eadc4f91bd07b6de9	
https://gitlab.com/YottaDB/DB/YDBDoc.git#25a97c4c8405bcccc85e7a4eadc4f91bd07b6de9:AdminOpsGuide/packaging.rst	repo/AdminOpsGuide/packaging.rst	d73c1103cf0479eddff4493dae353d613a95510f0fd3bda1b18e1059ab953712	2026-04-25T15:18:56.996325+00:00	rst	25a97c4c8405bcccc85e7a4eadc4f91bd07b6de9	
https://gitlab.com/YottaDB/DB/YDBDoc.git#25a97c4c8405bcccc85e7a4eadc4f91bd07b6de9:AdminOpsGuide/repl_anim.gif	repo/AdminOpsGuide/repl_anim.gif	b626ba503016ec6f5f03357bddae02f45064790aea319b5695aef038ff44244f	2026-04-25T15:18:56.996325+00:00	asset	25a97c4c8405bcccc85e7a4eadc4f91bd07b6de9	
https://gitlab.com/YottaDB/DB/YDBDoc.git#25a97c4c8405bcccc85e7a4eadc4f91bd07b6de9:AdminOpsGuide/repl_procedures/GTM	repo/AdminOpsGuide/repl_procedures/GTM	9515e275b2fc1a53510020754a13f2842d323c7e73c56dbbbfdd3717980f3e72	2026-04-25T15:18:56.996325+00:00	asset	25a97c4c8405bcccc85e7a4eadc4f91bd07b6de9	
https://gitlab.com/YottaDB/DB/YDBDoc.git#25a97c4c8405bcccc85e7a4eadc4f91bd07b6de9:AdminOpsGuide/repl_procedures/backup_repl	repo/AdminOpsGuide/repl_procedures/backup_repl	b96a62794d584e6d0fbb3d605d873212fcb641fd0a1ba17a0bc24668290442fd	2026-04-25T15:18:56.996325+00:00	asset	25a97c4c8405bcccc85e7a4eadc4f91bd07b6de9	
https://gitlab.com/YottaDB/DB/YDBDoc.git#25a97c4c8405bcccc85e7a4eadc4f91bd07b6de9:AdminOpsGuide/repl_procedures/cert_setup	repo/AdminOpsGuide/repl_procedures/cert_setup	1c3a64e938126545e57736176762ba4b83198f3e7013cd1ef00c2e23dbd0b123	2026-04-25T15:18:56.996325+00:00	asset	25a97c4c8405bcccc85e7a4eadc4f91bd07b6de9	
https://gitlab.com/YottaDB/DB/YDBDoc.git#25a97c4c8405bcccc85e7a4eadc4f91bd07b6de9:AdminOpsGuide/repl_procedures/db_create	repo/AdminOpsGuide/repl_procedures/db_create	cb36edee4af4c815185574d7601c936cb680ac74c6b3cafe8e7795c11de4f424	2026-04-25T15:18:56.996325+00:00	asset	25a97c4c8405bcccc85e7a4eadc4f91bd07b6de9	
https://gitlab.com/YottaDB/DB/YDBDoc.git#25a97c4c8405bcccc85e7a4eadc4f91bd07b6de9:AdminOpsGuide/repl_procedures/gdemsr	repo/AdminOpsGuide/repl_procedures/gdemsr	ee935f1884fe88a1cf8fb31836d290a7c4200ce0b9b9e9c9b9897562641c7af7	2026-04-25T15:18:56.996325+00:00	asset	25a97c4c8405bcccc85e7a4eadc4f91bd07b6de9	
https://gitlab.com/YottaDB/DB/YDBDoc.git#25a97c4c8405bcccc85e7a4eadc4f91bd07b6de9:AdminOpsGuide/repl_procedures/gen_ca	repo/AdminOpsGuide/repl_procedures/gen_ca	26e5064da356a218310632450d21118f941a41c3dfef236a7ed61ff7bf47b792	2026-04-25T15:18:56.996325+00:00	asset	25a97c4c8405bcccc85e7a4eadc4f91bd07b6de9	
https://gitlab.com/YottaDB/DB/YDBDoc.git#25a97c4c8405bcccc85e7a4eadc4f91bd07b6de9:AdminOpsGuide/repl_procedures/gen_gc	repo/AdminOpsGuide/repl_procedures/gen_gc	c2f70e543a4be3137b824c3a8006cc4e647509e584acf1e01cd5bed508945167	2026-04-25T15:18:56.996325+00:00	asset	25a97c4c8405bcccc85e7a4eadc4f91bd07b6de9	
https://gitlab.com/YottaDB/DB/YDBDoc.git#25a97c4c8405bcccc85e7a4eadc4f91bd07b6de9:AdminOpsGuide/repl_procedures/gen_leaf	repo/AdminOpsGuide/repl_procedures/gen_leaf	1666b7ee31f9c92cf37c8025f24f533671b7537e55f25070258cd3f1bf9961d6	2026-04-25T15:18:56.996325+00:00	asset	25a97c4c8405bcccc85e7a4eadc4f91bd07b6de9	
https://gitlab.com/YottaDB/DB/YDBDoc.git#25a97c4c8405bcccc85e7a4eadc4f91bd07b6de9:AdminOpsGuide/repl_procedures/openssl.cnf	repo/AdminOpsGuide/repl_procedures/openssl.cnf	46648b9a2646435509bb57acb6809393026c509fa32ef929275193a3a5f80ccb	2026-04-25T15:18:56.996325+00:00	asset	25a97c4c8405bcccc85e7a4eadc4f91bd07b6de9	
https://gitlab.com/YottaDB/DB/YDBDoc.git#25a97c4c8405bcccc85e7a4eadc4f91bd07b6de9:AdminOpsGuide/repl_procedures/originating_start	repo/AdminOpsGuide/repl_procedures/originating_start	fb8628292d05339b1c53268830546e303b6853a97e45fd838647ddc6518461fc	2026-04-25T15:18:56.996325+00:00	asset	25a97c4c8405bcccc85e7a4eadc4f91bd07b6de9	
https://gitlab.com/YottaDB/DB/YDBDoc.git#25a97c4c8405bcccc85e7a4eadc4f91bd07b6de9:AdminOpsGuide/repl_procedures/originating_stop	repo/AdminOpsGuide/repl_procedures/originating_stop	666a91ec164b9e5e481b5ab1a1f4b2168476a0442d93b996faf38c4e1be125e1	2026-04-25T15:18:56.996325+00:00	asset	25a97c4c8405bcccc85e7a4eadc4f91bd07b6de9	
https://gitlab.com/YottaDB/DB/YDBDoc.git#25a97c4c8405bcccc85e7a4eadc4f91bd07b6de9:AdminOpsGuide/repl_procedures/repl_setup	repo/AdminOpsGuide/repl_procedures/repl_setup	1aecc62e73dda8dc036b0df30ba298dbe1c1e93f06084f4251fff7875e323036	2026-04-25T15:18:56.996325+00:00	asset	25a97c4c8405bcccc85e7a4eadc4f91bd07b6de9	
https://gitlab.com/YottaDB/DB/YDBDoc.git#25a97c4c8405bcccc85e7a4eadc4f91bd07b6de9:AdminOpsGuide/repl_procedures/repl_status	repo/AdminOpsGuide/repl_procedures/repl_status	86931cc10252fc07e25ed2222f2590faa8d4a6c0d5b9b54804fd4b81ac14b111	2026-04-25T15:18:56.996325+00:00	asset	25a97c4c8405bcccc85e7a4eadc4f91bd07b6de9	
https://gitlab.com/YottaDB/DB/YDBDoc.git#25a97c4c8405bcccc85e7a4eadc4f91bd07b6de9:AdminOpsGuide/repl_procedures/replicating_start	repo/AdminOpsGuide/repl_procedures/replicating_start	77e923d4a29ce4c338f00e44e4226bf893eb629e5eca37f3c395522a1e9a1a4d	2026-04-25T15:18:56.996325+00:00	asset	25a97c4c8405bcccc85e7a4eadc4f91bd07b6de9	
https://gitlab.com/YottaDB/DB/YDBDoc.git#25a97c4c8405bcccc85e7a4eadc4f91bd07b6de9:AdminOpsGuide/repl_procedures/replicating_start_suppl_n	repo/AdminOpsGuide/repl_procedures/replicating_start_suppl_n	6e435a1dba594299b94e9352233d9f7f302a001e1814e2f3f11d40dc24074ce6	2026-04-25T15:18:56.996325+00:00	asset	25a97c4c8405bcccc85e7a4eadc4f91bd07b6de9	
https://gitlab.com/YottaDB/DB/YDBDoc.git#25a97c4c8405bcccc85e7a4eadc4f91bd07b6de9:AdminOpsGuide/repl_procedures/replicating_stop	repo/AdminOpsGuide/repl_procedures/replicating_stop	46a8838c2ac757dd1335f11883772ccf28d9fcff33ecd92b92d00abdb25a7087	2026-04-25T15:18:56.996325+00:00	asset	25a97c4c8405bcccc85e7a4eadc4f91bd07b6de9	
https://gitlab.com/YottaDB/DB/YDBDoc.git#25a97c4c8405bcccc85e7a4eadc4f91bd07b6de9:AdminOpsGuide/repl_procedures/rollback	repo/AdminOpsGuide/repl_procedures/rollback	bc08ad8eb1f475bbabb5d35f307e962ccb311ad7741a73f88ddf3c8ebf998927	2026-04-25T15:18:56.996325+00:00	asset	25a97c4c8405bcccc85e7a4eadc4f91bd07b6de9	
https://gitlab.com/YottaDB/DB/YDBDoc.git#25a97c4c8405bcccc85e7a4eadc4f91bd07b6de9:AdminOpsGuide/repl_procedures/suppl_setup	repo/AdminOpsGuide/repl_procedures/suppl_setup	333a139ab518b3f6383dc250b5e42be170f09f63cf655f6f516db19b5824e284	2026-04-25T15:18:56.996325+00:00	asset	25a97c4c8405bcccc85e7a4eadc4f91bd07b6de9	
https://gitlab.com/YottaDB/DB/YDBDoc.git#25a97c4c8405bcccc85e7a4eadc4f91bd07b6de9:AdminOpsGuide/repl_procedures/ydbenv	repo/AdminOpsGuide/repl_procedures/ydbenv	999eed116bfb25dded6390f11d2f48290e79fca2195adece970b25776c03d688	2026-04-25T15:18:56.996325+00:00	asset	25a97c4c8405bcccc85e7a4eadc4f91bd07b6de9	
https://gitlab.com/YottaDB/DB/YDBDoc.git#25a97c4c8405bcccc85e7a4eadc4f91bd07b6de9:AdminOpsGuide/replspeed.m	repo/AdminOpsGuide/replspeed.m	8a208b5e671d3b054a9ef7fd985d11e134751e3042d572ef6bbf56f47b276985	2026-04-25T15:18:56.996325+00:00	asset	25a97c4c8405bcccc85e7a4eadc4f91bd07b6de9	
https://gitlab.com/YottaDB/DB/YDBDoc.git#25a97c4c8405bcccc85e7a4eadc4f91bd07b6de9:AdminOpsGuide/salvage.m	repo/AdminOpsGuide/salvage.m	495b5cb92aedf512b724b7bd2b1909da52986bc73847a99f7b73c360cd828626	2026-04-25T15:18:56.996325+00:00	asset	25a97c4c8405bcccc85e7a4eadc4f91bd07b6de9	
https://gitlab.com/YottaDB/DB/YDBDoc.git#25a97c4c8405bcccc85e7a4eadc4f91bd07b6de9:AdminOpsGuide/securityph.rst	repo/AdminOpsGuide/securityph.rst	f9ab9531f6bce3bf7e13c1a1f9050686157c1a4bfaab279b488c904087c32ed2	2026-04-25T15:18:56.996325+00:00	rst	25a97c4c8405bcccc85e7a4eadc4f91bd07b6de9	
https://gitlab.com/YottaDB/DB/YDBDoc.git#25a97c4c8405bcccc85e7a4eadc4f91bd07b6de9:AdminOpsGuide/si_repl.gif	repo/AdminOpsGuide/si_repl.gif	da98f98277f4ff6d44ce683c922e6c8dc6cf7139079ae3297b907d81b8eff26c	2026-04-25T15:18:56.996325+00:00	asset	25a97c4c8405bcccc85e7a4eadc4f91bd07b6de9	
https://gitlab.com/YottaDB/DB/YDBDoc.git#25a97c4c8405bcccc85e7a4eadc4f91bd07b6de9:AdminOpsGuide/sym_asym.svg	repo/AdminOpsGuide/sym_asym.svg	8a4076d8de7ac46d44241800feaa3395b3e485972e30bf394b120ea9324c2b7e	2026-04-25T15:18:56.996325+00:00	asset	25a97c4c8405bcccc85e7a4eadc4f91bd07b6de9	
https://gitlab.com/YottaDB/DB/YDBDoc.git#25a97c4c8405bcccc85e7a4eadc4f91bd07b6de9:AdminOpsGuide/tls.rst	repo/AdminOpsGuide/tls.rst	fc38b0d01b4ccf42f96400c891339296676eae3b99a50195e0ece949dd4238b2	2026-04-25T15:18:56.996325+00:00	rst	25a97c4c8405bcccc85e7a4eadc4f91bd07b6de9	
https://gitlab.com/YottaDB/DB/YDBDoc.git#25a97c4c8405bcccc85e7a4eadc4f91bd07b6de9:AdminOpsGuide/waitforhrtbt.m	repo/AdminOpsGuide/waitforhrtbt.m	9374c2fb75955948868dd094c6c62da3ae696aeef518956b3846f6a083b65fa3	2026-04-25T15:18:56.996325+00:00	asset	25a97c4c8405bcccc85e7a4eadc4f91bd07b6de9	
https://gitlab.com/YottaDB/DB/YDBDoc.git#25a97c4c8405bcccc85e7a4eadc4f91bd07b6de9:AdminOpsGuide/waitforseqnosync.m	repo/AdminOpsGuide/waitforseqnosync.m	9c1304e796102f1e98c1c3064b669fb562586a66f3bd39c0d9c70ac66b2a1709	2026-04-25T15:18:56.996325+00:00	asset	25a97c4c8405bcccc85e7a4eadc4f91bd07b6de9	
https://gitlab.com/YottaDB/DB/YDBDoc.git#25a97c4c8405bcccc85e7a4eadc4f91bd07b6de9:AdminOpsGuide/ydbjournal.rst	repo/AdminOpsGuide/ydbjournal.rst	3ead998294bd5f2bd57db8dcb97c2df10c03ca967c4d68171b32d5fc52bcdffa	2026-04-25T15:18:56.996325+00:00	rst	25a97c4c8405bcccc85e7a4eadc4f91bd07b6de9	
https://gitlab.com/YottaDB/DB/YDBDoc.git#25a97c4c8405bcccc85e7a4eadc4f91bd07b6de9:ApplicationsManual/ApplicationsManual.rst	repo/ApplicationsManual/ApplicationsManual.rst	5bd605ad0e386c379352bbc8a548ac381d53dbd2a88335909589234f6f2175f5	2026-04-25T15:18:56.996325+00:00	rst	25a97c4c8405bcccc85e7a4eadc4f91bd07b6de9	
https://gitlab.com/YottaDB/DB/YDBDoc.git#25a97c4c8405bcccc85e7a4eadc4f91bd07b6de9:ApplicationsManual/demopi.py	repo/ApplicationsManual/demopi.py	10c1f586ac7b03de33aa81f6c6cd6ce7a3d9067e2176c48a787c814d3b316dfe	2026-04-25T15:18:56.996325+00:00	asset	25a97c4c8405bcccc85e7a4eadc4f91bd07b6de9	
https://gitlab.com/YottaDB/DB/YDBDoc.git#25a97c4c8405bcccc85e7a4eadc4f91bd07b6de9:ApplicationsManual/demopi.rst	repo/ApplicationsManual/demopi.rst	291d88fdabef265419e63c3c00ba8157e9486b20a768fe518c67e83593c50173	2026-04-25T15:18:56.996325+00:00	rst	25a97c4c8405bcccc85e7a4eadc4f91bd07b6de9	
https://gitlab.com/YottaDB/DB/YDBDoc.git#25a97c4c8405bcccc85e7a4eadc4f91bd07b6de9:ApplicationsManual/images/demopi/CO2_sensor.jpg	repo/ApplicationsManual/images/demopi/CO2_sensor.jpg	767a3edc88e6ab1114906bee807349f3d07ed29f2c8e0105268dd0588d74da69	2026-04-25T15:18:56.996325+00:00	asset	25a97c4c8405bcccc85e7a4eadc4f91bd07b6de9	
https://gitlab.com/YottaDB/DB/YDBDoc.git#25a97c4c8405bcccc85e7a4eadc4f91bd07b6de9:ApplicationsManual/images/demopi/demopi-diagram.png	repo/ApplicationsManual/images/demopi/demopi-diagram.png	b5997f18ca5155e03f7f78f4d9052603847ceac4c5b7458637f6ba89d6a2500b	2026-04-25T15:18:56.996325+00:00	asset	25a97c4c8405bcccc85e7a4eadc4f91bd07b6de9	
https://gitlab.com/YottaDB/DB/YDBDoc.git#25a97c4c8405bcccc85e7a4eadc4f91bd07b6de9:ApplicationsManual/images/demopi/demopi.png	repo/ApplicationsManual/images/demopi/demopi.png	58ca64b7dfa50b9bb726ea64a6877d5c2ae05ac533ee3018a60841870bd24871	2026-04-25T15:18:56.996325+00:00	asset	25a97c4c8405bcccc85e7a4eadc4f91bd07b6de9	
https://gitlab.com/YottaDB/DB/YDBDoc.git#25a97c4c8405bcccc85e7a4eadc4f91bd07b6de9:ApplicationsManual/images/demopi/demopi2.jpg	repo/ApplicationsManual/images/demopi/demopi2.jpg	45123fc10eb23db2c5f67099e5b71d58ae288a2c06d16d14e69556c42db2b234	2026-04-25T15:18:56.996325+00:00	asset	25a97c4c8405bcccc85e7a4eadc4f91bd07b6de9	
https://gitlab.com/YottaDB/DB/YDBDoc.git#25a97c4c8405bcccc85e7a4eadc4f91bd07b6de9:ApplicationsManual/images/demopi/excel-results.png	repo/ApplicationsManual/images/demopi/excel-results.png	813971edf53a214c27323515bde04a44885529bf8779b44711f282b0b80250bc	2026-04-25T15:18:56.996325+00:00	asset	25a97c4c8405bcccc85e7a4eadc4f91bd07b6de9	
https://gitlab.com/YottaDB/DB/YDBDoc.git#25a97c4c8405bcccc85e7a4eadc4f91bd07b6de9:ApplicationsManual/images/demopi/excel-setup-1.png	repo/ApplicationsManual/images/demopi/excel-setup-1.png	9d329482d83f1b58c0b56b061af6e689762783f98e0d9cbe82b29cc58debd180	2026-04-25T15:18:56.996325+00:00	asset	25a97c4c8405bcccc85e7a4eadc4f91bd07b6de9	
https://gitlab.com/YottaDB/DB/YDBDoc.git#25a97c4c8405bcccc85e7a4eadc4f91bd07b6de9:ApplicationsManual/images/demopi/excel-setup-2.png	repo/ApplicationsManual/images/demopi/excel-setup-2.png	31d8dbce22d9390f0dd9897ffb65f068ce77652a89615f7c80b88550561f1342	2026-04-25T15:18:56.996325+00:00	asset	25a97c4c8405bcccc85e7a4eadc4f91bd07b6de9	
https://gitlab.com/YottaDB/DB/YDBDoc.git#25a97c4c8405bcccc85e7a4eadc4f91bd07b6de9:ApplicationsManual/images/demopi/excel-setup-3.png	repo/ApplicationsManual/images/demopi/excel-setup-3.png	00246c28a391636a4312ff8333627b24c7512b2298c81393ef1162dd7da7554d	2026-04-25T15:18:56.996325+00:00	asset	25a97c4c8405bcccc85e7a4eadc4f91bd07b6de9	
https://gitlab.com/YottaDB/DB/YDBDoc.git#25a97c4c8405bcccc85e7a4eadc4f91bd07b6de9:ApplicationsManual/images/demopi/lcd_display.jpg	repo/ApplicationsManual/images/demopi/lcd_display.jpg	c66990fe7a42b029fa3e538a95852b52489b228c73943c09d8047314eab0b4fc	2026-04-25T15:18:56.996325+00:00	asset	25a97c4c8405bcccc85e7a4eadc4f91bd07b6de9	
https://gitlab.com/YottaDB/DB/YDBDoc.git#25a97c4c8405bcccc85e7a4eadc4f91bd07b6de9:ApplicationsManual/images/demopi/lcd_display_top.jpg	repo/ApplicationsManual/images/demopi/lcd_display_top.jpg	ea4ec2d5b3005f44cda5fe3b98b71233cad5f25cfd74ece138d0d935dc97d727	2026-04-25T15:18:56.996325+00:00	asset	25a97c4c8405bcccc85e7a4eadc4f91bd07b6de9	
https://gitlab.com/YottaDB/DB/YDBDoc.git#25a97c4c8405bcccc85e7a4eadc4f91bd07b6de9:ApplicationsManual/images/demopi/odbc-driver-setup.png	repo/ApplicationsManual/images/demopi/odbc-driver-setup.png	660ab864248ae6aa89fab2062b85e0d2b8594288893b2cc13f02408660da0d4e	2026-04-25T15:18:56.996325+00:00	asset	25a97c4c8405bcccc85e7a4eadc4f91bd07b6de9	
https://gitlab.com/YottaDB/DB/YDBDoc.git#25a97c4c8405bcccc85e7a4eadc4f91bd07b6de9:ApplicationsManual/images/demopi/pir_motion_sensor.jpg	repo/ApplicationsManual/images/demopi/pir_motion_sensor.jpg	bc56eaffd0e3de354ce948ce50e0759b6e38cfcaec5168ebb3d9581b8d95c906	2026-04-25T15:18:56.996325+00:00	asset	25a97c4c8405bcccc85e7a4eadc4f91bd07b6de9	
https://gitlab.com/YottaDB/DB/YDBDoc.git#25a97c4c8405bcccc85e7a4eadc4f91bd07b6de9:ApplicationsManual/images/demopi/pir_motion_sensor_connection.jpg	repo/ApplicationsManual/images/demopi/pir_motion_sensor_connection.jpg	e618d8e7a364db7da0184c2f52b70aa2f130e40822defd533b0db89649045874	2026-04-25T15:18:56.996325+00:00	asset	25a97c4c8405bcccc85e7a4eadc4f91bd07b6de9	
https://gitlab.com/YottaDB/DB/YDBDoc.git#25a97c4c8405bcccc85e7a4eadc4f91bd07b6de9:ApplicationsManual/images/demopi/temperature-graph.png	repo/ApplicationsManual/images/demopi/temperature-graph.png	06b555ec798fd856920f36f983f03b72099d68757f84c9d91c9bfce540a22190	2026-04-25T15:18:56.996325+00:00	asset	25a97c4c8405bcccc85e7a4eadc4f91bd07b6de9	
https://gitlab.com/YottaDB/DB/YDBDoc.git#25a97c4c8405bcccc85e7a4eadc4f91bd07b6de9:ApplicationsManual/images/demopi/temperature_sensor.jpg	repo/ApplicationsManual/images/demopi/temperature_sensor.jpg	d6c75ab93356e5ae366c4cbf3e9b94335bdbd89737e6edae22b10326f0de68b5	2026-04-25T15:18:56.996325+00:00	asset	25a97c4c8405bcccc85e7a4eadc4f91bd07b6de9	
https://gitlab.com/YottaDB/DB/YDBDoc.git#25a97c4c8405bcccc85e7a4eadc4f91bd07b6de9:ApplicationsManual/images/ydbapron/YDBApron-Home-v1.jpg	repo/ApplicationsManual/images/ydbapron/YDBApron-Home-v1.jpg	1d24895fab38e16d296c3cd54fdd4e80b008b86ab34c5ca91a932f48992ccf61	2026-04-25T15:18:56.996325+00:00	asset	25a97c4c8405bcccc85e7a4eadc4f91bd07b6de9	
https://gitlab.com/YottaDB/DB/YDBDoc.git#25a97c4c8405bcccc85e7a4eadc4f91bd07b6de9:ApplicationsManual/images/ydbapron/YDBApron-Home-v2.jpg	repo/ApplicationsManual/images/ydbapron/YDBApron-Home-v2.jpg	056866a10ac72ca888af570dbe7ad13c23b16dfa109df9b402bc4654179f7bed	2026-04-25T15:18:56.996325+00:00	asset	25a97c4c8405bcccc85e7a4eadc4f91bd07b6de9	
https://gitlab.com/YottaDB/DB/YDBDoc.git#25a97c4c8405bcccc85e7a4eadc4f91bd07b6de9:ApplicationsManual/images/ydbapron/YDBApron-Ingredient_add-v1.jpg	repo/ApplicationsManual/images/ydbapron/YDBApron-Ingredient_add-v1.jpg	3878e967f2ef789ef3c8ba1c724332af8c1d181d822c91cb0fec08cb9050bae4	2026-04-25T15:18:56.996325+00:00	asset	25a97c4c8405bcccc85e7a4eadc4f91bd07b6de9	
https://gitlab.com/YottaDB/DB/YDBDoc.git#25a97c4c8405bcccc85e7a4eadc4f91bd07b6de9:ApplicationsManual/images/ydbapron/YDBApron-Ingredient_add-v2.jpg	repo/ApplicationsManual/images/ydbapron/YDBApron-Ingredient_add-v2.jpg	5ac99a3acacff15c566b86256f898464872a8fae917a86bb70ea4a548b97b3f3	2026-04-25T15:18:56.996325+00:00	asset	25a97c4c8405bcccc85e7a4eadc4f91bd07b6de9	
https://gitlab.com/YottaDB/DB/YDBDoc.git#25a97c4c8405bcccc85e7a4eadc4f91bd07b6de9:ApplicationsManual/images/ydbapron/YDBApron-Ingredient_edit-v1.jpg	repo/ApplicationsManual/images/ydbapron/YDBApron-Ingredient_edit-v1.jpg	21843df1917281636faff5fe78687a8d6903fdb0761bf99caa6c14c6d97fc34b	2026-04-25T15:18:56.996325+00:00	asset	25a97c4c8405bcccc85e7a4eadc4f91bd07b6de9	
https://gitlab.com/YottaDB/DB/YDBDoc.git#25a97c4c8405bcccc85e7a4eadc4f91bd07b6de9:ApplicationsManual/images/ydbapron/YDBApron-Ingredient_edit-v2.jpg	repo/ApplicationsManual/images/ydbapron/YDBApron-Ingredient_edit-v2.jpg	abc481353b56ead5671a226416fe3b12513f844082c4b1301e0a7b86af6f36ff	2026-04-25T15:18:56.996325+00:00	asset	25a97c4c8405bcccc85e7a4eadc4f91bd07b6de9	
https://gitlab.com/YottaDB/DB/YDBDoc.git#25a97c4c8405bcccc85e7a4eadc4f91bd07b6de9:ApplicationsManual/images/ydbapron/YDBApron-Ingredient_edit-v3.jpg	repo/ApplicationsManual/images/ydbapron/YDBApron-Ingredient_edit-v3.jpg	1578fa9516553489ee4d41417522fa834a15a0c6a1932b5104ba7b663156bf01	2026-04-25T15:18:56.996325+00:00	asset	25a97c4c8405bcccc85e7a4eadc4f91bd07b6de9	
https://gitlab.com/YottaDB/DB/YDBDoc.git#25a97c4c8405bcccc85e7a4eadc4f91bd07b6de9:ApplicationsManual/images/ydbapron/YDBApron-Ingredients_list-v1.jpg	repo/ApplicationsManual/images/ydbapron/YDBApron-Ingredients_list-v1.jpg	7cc0768f4a7e4cdb6350ef2336a9d989f5719a8a107bec6eaf92f39c4f668f92	2026-04-25T15:18:56.996325+00:00	asset	25a97c4c8405bcccc85e7a4eadc4f91bd07b6de9	
https://gitlab.com/YottaDB/DB/YDBDoc.git#25a97c4c8405bcccc85e7a4eadc4f91bd07b6de9:ApplicationsManual/images/ydbapron/YDBApron-Ingredients_list-v2.jpg	repo/ApplicationsManual/images/ydbapron/YDBApron-Ingredients_list-v2.jpg	57cd2987e6fc80d14c8a613a6558cbe5f65ca2b03288d8263e64d0e2b4819770	2026-04-25T15:18:56.996325+00:00	asset	25a97c4c8405bcccc85e7a4eadc4f91bd07b6de9	
https://gitlab.com/YottaDB/DB/YDBDoc.git#25a97c4c8405bcccc85e7a4eadc4f91bd07b6de9:ApplicationsManual/images/ydbapron/YDBApron-Ingredients_list-v3.jpg	repo/ApplicationsManual/images/ydbapron/YDBApron-Ingredients_list-v3.jpg	f6789060c70d6943132a66bc37f372ede42d13cf745b34e3e751896242988acd	2026-04-25T15:18:56.996325+00:00	asset	25a97c4c8405bcccc85e7a4eadc4f91bd07b6de9	
https://gitlab.com/YottaDB/DB/YDBDoc.git#25a97c4c8405bcccc85e7a4eadc4f91bd07b6de9:ApplicationsManual/images/ydbapron/YDBApron-Recipe-v2.jpg	repo/ApplicationsManual/images/ydbapron/YDBApron-Recipe-v2.jpg	e86b6919ccc54bc4324856b296dec66b3962278e8a34e814dfcfc4c181393065	2026-04-25T15:18:56.996325+00:00	asset	25a97c4c8405bcccc85e7a4eadc4f91bd07b6de9	
https://gitlab.com/YottaDB/DB/YDBDoc.git#25a97c4c8405bcccc85e7a4eadc4f91bd07b6de9:ApplicationsManual/images/ydbapron/YDBApron-Recipe-v3.jpg	repo/ApplicationsManual/images/ydbapron/YDBApron-Recipe-v3.jpg	6877f74d6974739d4e620e2b4c0766a4c4275b81e4e2bd5321ff5dc5aeb0c86e	2026-04-25T15:18:56.996325+00:00	asset	25a97c4c8405bcccc85e7a4eadc4f91bd07b6de9	
https://gitlab.com/YottaDB/DB/YDBDoc.git#25a97c4c8405bcccc85e7a4eadc4f91bd07b6de9:ApplicationsManual/images/ydbapron/YDBApron-Recipe_add-v1.jpg	repo/ApplicationsManual/images/ydbapron/YDBApron-Recipe_add-v1.jpg	9fc1f87b7e32849f95e4c1683868af3fbf03849307c20ed0617a43e4b4f56e2a	2026-04-25T15:18:56.996325+00:00	asset	25a97c4c8405bcccc85e7a4eadc4f91bd07b6de9	
https://gitlab.com/YottaDB/DB/YDBDoc.git#25a97c4c8405bcccc85e7a4eadc4f91bd07b6de9:ApplicationsManual/images/ydbapron/YDBApron-Recipe_add-v2.jpg	repo/ApplicationsManual/images/ydbapron/YDBApron-Recipe_add-v2.jpg	c6f7e0cebafcca841dde329b12570a4a5d72eb4835711192f30aba95e40737b5	2026-04-25T15:18:56.996325+00:00	asset	25a97c4c8405bcccc85e7a4eadc4f91bd07b6de9	
https://gitlab.com/YottaDB/DB/YDBDoc.git#25a97c4c8405bcccc85e7a4eadc4f91bd07b6de9:ApplicationsManual/images/ydbapron/YDBApron-Recipe_edit-v1.jpg	repo/ApplicationsManual/images/ydbapron/YDBApron-Recipe_edit-v1.jpg	8c6ce821c86bc83e6d6565a57abff26f3a7dfb2d54f790bcffd5bf14ede74f9e	2026-04-25T15:18:56.996325+00:00	asset	25a97c4c8405bcccc85e7a4eadc4f91bd07b6de9	
https://gitlab.com/YottaDB/DB/YDBDoc.git#25a97c4c8405bcccc85e7a4eadc4f91bd07b6de9:ApplicationsManual/images/ydbapron/YDBApron-Recipe_edit-v2.jpg	repo/ApplicationsManual/images/ydbapron/YDBApron-Recipe_edit-v2.jpg	274b3f203f0136301b493fc67d3bf3c40ad53a0cca7461773fc81be5c7c39cba	2026-04-25T15:18:56.996325+00:00	asset	25a97c4c8405bcccc85e7a4eadc4f91bd07b6de9	
https://gitlab.com/YottaDB/DB/YDBDoc.git#25a97c4c8405bcccc85e7a4eadc4f91bd07b6de9:ApplicationsManual/images/ydbapron/YDBApron-Recipes_list-v1.jpg	repo/ApplicationsManual/images/ydbapron/YDBApron-Recipes_list-v1.jpg	c65b62abe30b736e703a0fd621af04dee2187e972e2df4e6bc921483f97c7fc8	2026-04-25T15:18:56.996325+00:00	asset	25a97c4c8405bcccc85e7a4eadc4f91bd07b6de9	
https://gitlab.com/YottaDB/DB/YDBDoc.git#25a97c4c8405bcccc85e7a4eadc4f91bd07b6de9:ApplicationsManual/images/ydbapron/YDBApron-Recipes_list-v2.jpg	repo/ApplicationsManual/images/ydbapron/YDBApron-Recipes_list-v2.jpg	036f22e7131612428f9f5fb1e435269e01dcd74ca502c5b178b31bbd89b559b9	2026-04-25T15:18:56.996325+00:00	asset	25a97c4c8405bcccc85e7a4eadc4f91bd07b6de9	
https://gitlab.com/YottaDB/DB/YDBDoc.git#25a97c4c8405bcccc85e7a4eadc4f91bd07b6de9:ApplicationsManual/images/ydbapron/YDBApron-Recipes_list-v3.jpg	repo/ApplicationsManual/images/ydbapron/YDBApron-Recipes_list-v3.jpg	f87e065b884297303c3e1a39779052cf026afbba1bd110abcbfc8ea0ddc336ab	2026-04-25T15:18:56.996325+00:00	asset	25a97c4c8405bcccc85e7a4eadc4f91bd07b6de9	
https://gitlab.com/YottaDB/DB/YDBDoc.git#25a97c4c8405bcccc85e7a4eadc4f91bd07b6de9:ApplicationsManual/images/ydbapron/YDBApron-Schedule-v2.jpg	repo/ApplicationsManual/images/ydbapron/YDBApron-Schedule-v2.jpg	4ac8a639f5d30e0b92d536c79eb58bc7b7101687d93e17e0531daa7015659479	2026-04-25T15:18:56.996325+00:00	asset	25a97c4c8405bcccc85e7a4eadc4f91bd07b6de9	
https://gitlab.com/YottaDB/DB/YDBDoc.git#25a97c4c8405bcccc85e7a4eadc4f91bd07b6de9:ApplicationsManual/images/ydbapron/YDBApron-Schedule-v3.jpg	repo/ApplicationsManual/images/ydbapron/YDBApron-Schedule-v3.jpg	67c802ad43f22583a55727c360af86cf049acc4f9e5e08d9551f7a31eb50324c	2026-04-25T15:18:56.996325+00:00	asset	25a97c4c8405bcccc85e7a4eadc4f91bd07b6de9	
https://gitlab.com/YottaDB/DB/YDBDoc.git#25a97c4c8405bcccc85e7a4eadc4f91bd07b6de9:ApplicationsManual/images/ydbapron/YDBApron-Schedule_add-v1.jpg	repo/ApplicationsManual/images/ydbapron/YDBApron-Schedule_add-v1.jpg	6bb93d487a57b4ae03dd55ed3ce9de24a829f6e6ea195484b73c2c2ed8912075	2026-04-25T15:18:56.996325+00:00	asset	25a97c4c8405bcccc85e7a4eadc4f91bd07b6de9	
https://gitlab.com/YottaDB/DB/YDBDoc.git#25a97c4c8405bcccc85e7a4eadc4f91bd07b6de9:ApplicationsManual/images/ydbapron/YDBApron-Schedule_add-v2.jpg	repo/ApplicationsManual/images/ydbapron/YDBApron-Schedule_add-v2.jpg	682e288c1f59803fb7dcff16bab7921e68134420d4256a6e2bfe5d46179fe145	2026-04-25T15:18:56.996325+00:00	asset	25a97c4c8405bcccc85e7a4eadc4f91bd07b6de9	
https://gitlab.com/YottaDB/DB/YDBDoc.git#25a97c4c8405bcccc85e7a4eadc4f91bd07b6de9:ApplicationsManual/images/ydbapron/YDBApron-Schedule_edit-v1.jpg	repo/ApplicationsManual/images/ydbapron/YDBApron-Schedule_edit-v1.jpg	8e501063ecc046dfda0553b781e6b06779c9b82068667bae7a93754a176dbefa	2026-04-25T15:18:56.996325+00:00	asset	25a97c4c8405bcccc85e7a4eadc4f91bd07b6de9	
https://gitlab.com/YottaDB/DB/YDBDoc.git#25a97c4c8405bcccc85e7a4eadc4f91bd07b6de9:ApplicationsManual/images/ydbapron/YDBApron-Schedule_edit-v2.jpg	repo/ApplicationsManual/images/ydbapron/YDBApron-Schedule_edit-v2.jpg	98983533458e4ad47c4506d66c6adfefe41c5ca59a3a3e1993b06c321bd55231	2026-04-25T15:18:56.996325+00:00	asset	25a97c4c8405bcccc85e7a4eadc4f91bd07b6de9	
https://gitlab.com/YottaDB/DB/YDBDoc.git#25a97c4c8405bcccc85e7a4eadc4f91bd07b6de9:ApplicationsManual/images/ydbapron/YDBApron-Schedule_edit-v3.jpg	repo/ApplicationsManual/images/ydbapron/YDBApron-Schedule_edit-v3.jpg	98983533458e4ad47c4506d66c6adfefe41c5ca59a3a3e1993b06c321bd55231	2026-04-25T15:18:56.996325+00:00	asset	25a97c4c8405bcccc85e7a4eadc4f91bd07b6de9	
https://gitlab.com/YottaDB/DB/YDBDoc.git#25a97c4c8405bcccc85e7a4eadc4f91bd07b6de9:ApplicationsManual/images/ydbapron/YDBApron-Schedules_list-v1.jpg	repo/ApplicationsManual/images/ydbapron/YDBApron-Schedules_list-v1.jpg	40ac17211e819aadd33ead4877b687a252fc0f2a5cf5f696602cc8ebdd9d6572	2026-04-25T15:18:56.996325+00:00	asset	25a97c4c8405bcccc85e7a4eadc4f91bd07b6de9	
https://gitlab.com/YottaDB/DB/YDBDoc.git#25a97c4c8405bcccc85e7a4eadc4f91bd07b6de9:ApplicationsManual/images/ydbapron/YDBApron-Schedules_list-v2.jpg	repo/ApplicationsManual/images/ydbapron/YDBApron-Schedules_list-v2.jpg	b55dc63548b8a2436988232dc5d7cce88d895b2c743492bb1b548c95938e5ac2	2026-04-25T15:18:56.996325+00:00	asset	25a97c4c8405bcccc85e7a4eadc4f91bd07b6de9	
https://gitlab.com/YottaDB/DB/YDBDoc.git#25a97c4c8405bcccc85e7a4eadc4f91bd07b6de9:ApplicationsManual/images/ydbapron/YDBApron-Schedules_list-v3.jpg	repo/ApplicationsManual/images/ydbapron/YDBApron-Schedules_list-v3.jpg	f781f687807dd8ed1ae8e9bbc9ba2764eba21b6b5af7593672a81eba6e364577	2026-04-25T15:18:56.996325+00:00	asset	25a97c4c8405bcccc85e7a4eadc4f91bd07b6de9	
https://gitlab.com/YottaDB/DB/YDBDoc.git#25a97c4c8405bcccc85e7a4eadc4f91bd07b6de9:ApplicationsManual/images/ydbapron/ydbapron-data-model.png	repo/ApplicationsManual/images/ydbapron/ydbapron-data-model.png	65f53590859e0300c2e980b8835b85fec2af7721f06320f4c639572ffc13b6bc	2026-04-25T15:18:56.996325+00:00	asset	25a97c4c8405bcccc85e7a4eadc4f91bd07b6de9	
https://gitlab.com/YottaDB/DB/YDBDoc.git#25a97c4c8405bcccc85e7a4eadc4f91bd07b6de9:ApplicationsManual/images/ydbpython/YDBPython-Demo-Complete.jpg	repo/ApplicationsManual/images/ydbpython/YDBPython-Demo-Complete.jpg	ca42faabe66b546a483d26e098e3f1087ddee1e3ef4cedcf49eccd7c6b997be4	2026-04-25T15:18:56.996325+00:00	asset	25a97c4c8405bcccc85e7a4eadc4f91bd07b6de9	
https://gitlab.com/YottaDB/DB/YDBDoc.git#25a97c4c8405bcccc85e7a4eadc4f91bd07b6de9:ApplicationsManual/images/ydbpython/YDBPython-Demo-Ingredients.jpg	repo/ApplicationsManual/images/ydbpython/YDBPython-Demo-Ingredients.jpg	894f3dddc6ad414ba0b1df9a90b56fe5b42ada733e77f3af83029a37a4a9eca2	2026-04-25T15:18:56.996325+00:00	asset	25a97c4c8405bcccc85e7a4eadc4f91bd07b6de9	
https://gitlab.com/YottaDB/DB/YDBDoc.git#25a97c4c8405bcccc85e7a4eadc4f91bd07b6de9:ApplicationsManual/index.rst	repo/ApplicationsManual/index.rst	8fa306b0ecb233f897f02d7a2e96829672d92f7066404c1d87e1bb79ddf2bda2	2026-04-25T15:18:56.996325+00:00	rst	25a97c4c8405bcccc85e7a4eadc4f91bd07b6de9	
https://gitlab.com/YottaDB/DB/YDBDoc.git#25a97c4c8405bcccc85e7a4eadc4f91bd07b6de9:ApplicationsManual/ydbapron.rst	repo/ApplicationsManual/ydbapron.rst	e45e10f8d9a2ae82b1a2afa5dbc06cd1a360446a80939b6b8510da002636ecbc	2026-04-25T15:18:56.996325+00:00	rst	25a97c4c8405bcccc85e7a4eadc4f91bd07b6de9	
https://gitlab.com/YottaDB/DB/YDBDoc.git#25a97c4c8405bcccc85e7a4eadc4f91bd07b6de9:ApplicationsManual/ydbpython.rst	repo/ApplicationsManual/ydbpython.rst	294b7ae6db866d79402dad7d6b9458a4c026775c601d2b44638dbb4bf2754cc1	2026-04-25T15:18:56.996325+00:00	rst	25a97c4c8405bcccc85e7a4eadc4f91bd07b6de9	
https://gitlab.com/YottaDB/DB/YDBDoc.git#25a97c4c8405bcccc85e7a4eadc4f91bd07b6de9:COPYING	repo/COPYING	dae1e46b4a2540b003f8230fa024d3c8c4a5eb6e7318283e9ec1bd1f11bca1f4	2026-04-25T15:18:56.996325+00:00	asset	25a97c4c8405bcccc85e7a4eadc4f91bd07b6de9	
https://gitlab.com/YottaDB/DB/YDBDoc.git#25a97c4c8405bcccc85e7a4eadc4f91bd07b6de9:LICENSE.rst	repo/LICENSE.rst	9354c56c400b6f2dc0744fdf5a27d54ee9d6242e1c47016e1fe235b287bc14de	2026-04-25T15:18:56.996325+00:00	rst	25a97c4c8405bcccc85e7a4eadc4f91bd07b6de9	
https://gitlab.com/YottaDB/DB/YDBDoc.git#25a97c4c8405bcccc85e7a4eadc4f91bd07b6de9:Makefile	repo/Makefile	7029c2149ed135461b860ab06266258b100a6e3f6ce302597ce43c5aedcd16c3	2026-04-25T15:18:56.996325+00:00	asset	25a97c4c8405bcccc85e7a4eadc4f91bd07b6de9	
https://gitlab.com/YottaDB/DB/YDBDoc.git#25a97c4c8405bcccc85e7a4eadc4f91bd07b6de9:MessageRecovery/about.rst	repo/MessageRecovery/about.rst	4a448167a596f80947f193fb3ccb4e96a2055f54971bd294b18198163e70bfa2	2026-04-25T15:18:56.996325+00:00	rst	25a97c4c8405bcccc85e7a4eadc4f91bd07b6de9	
https://gitlab.com/YottaDB/DB/YDBDoc.git#25a97c4c8405bcccc85e7a4eadc4f91bd07b6de9:MessageRecovery/deprecated.png	repo/MessageRecovery/deprecated.png	3a343b8904a3190121fae4be27062c4e54cf99569efdccab42ab4f3a24904c24	2026-04-25T15:18:56.996325+00:00	asset	25a97c4c8405bcccc85e7a4eadc4f91bd07b6de9	
https://gitlab.com/YottaDB/DB/YDBDoc.git#25a97c4c8405bcccc85e7a4eadc4f91bd07b6de9:MessageRecovery/errormsgref.rst	repo/MessageRecovery/errormsgref.rst	058bbb8f8de0a11880fb49bcdff702f912c02cd34bb7826a9ed524880d88c00c	2026-04-25T15:18:56.996325+00:00	rst	25a97c4c8405bcccc85e7a4eadc4f91bd07b6de9	
https://gitlab.com/YottaDB/DB/YDBDoc.git#25a97c4c8405bcccc85e7a4eadc4f91bd07b6de9:MessageRecovery/errors.rst	repo/MessageRecovery/errors.rst	8a548e887fced6d9e6e9f6ff1669d107bac584f1ad7b07d344f6d438935a73a9	2026-04-25T15:18:56.996325+00:00	rst	25a97c4c8405bcccc85e7a4eadc4f91bd07b6de9	
https://gitlab.com/YottaDB/DB/YDBDoc.git#25a97c4c8405bcccc85e7a4eadc4f91bd07b6de9:MessageRecovery/index.rst	repo/MessageRecovery/index.rst	5a6763bfd9c634f69acf12ae6a25fdcdcc3678d501bb88fc9f2908ab3f8a8e17	2026-04-25T15:18:56.996325+00:00	rst	25a97c4c8405bcccc85e7a4eadc4f91bd07b6de9	
https://gitlab.com/YottaDB/DB/YDBDoc.git#25a97c4c8405bcccc85e7a4eadc4f91bd07b6de9:MessageRecovery/plus.png	repo/MessageRecovery/plus.png	2e791470fa61f32276ddf705abd3b9faf731b7f74090b2c9e8b30a4bc07d0caf	2026-04-25T15:18:56.996325+00:00	asset	25a97c4c8405bcccc85e7a4eadc4f91bd07b6de9	
https://gitlab.com/YottaDB/DB/YDBDoc.git#25a97c4c8405bcccc85e7a4eadc4f91bd07b6de9:MessageRecovery/referrormsg.rst	repo/MessageRecovery/referrormsg.rst	ac21d581df100adef65046391b91502e1613f20ac1d98d65bf80bda4d11f5230	2026-04-25T15:18:56.996325+00:00	rst	25a97c4c8405bcccc85e7a4eadc4f91bd07b6de9	
https://gitlab.com/YottaDB/DB/YDBDoc.git#25a97c4c8405bcccc85e7a4eadc4f91bd07b6de9:MessageRecovery/revised.png	repo/MessageRecovery/revised.png	9c0296d72299f1b33a4c8161da903083c8a1ee2ab0a46893ba2cfe32baf025e0	2026-04-25T15:18:56.996325+00:00	asset	25a97c4c8405bcccc85e7a4eadc4f91bd07b6de9	
https://gitlab.com/YottaDB/DB/YDBDoc.git#25a97c4c8405bcccc85e7a4eadc4f91bd07b6de9:MultiLangProgGuide/MultiLangProgGuide.rst	repo/MultiLangProgGuide/MultiLangProgGuide.rst	7a12fe7efe88e1c3ebe091abf601e21a834f97838a85b4a5cfc6b3fcdc234c70	2026-04-25T15:18:56.996325+00:00	rst	25a97c4c8405bcccc85e7a4eadc4f91bd07b6de9	
https://gitlab.com/YottaDB/DB/YDBDoc.git#25a97c4c8405bcccc85e7a4eadc4f91bd07b6de9:MultiLangProgGuide/cprogram.rst	repo/MultiLangProgGuide/cprogram.rst	ce9d74bdb6245e56a0b3473a0cad3e3f4164b295e65cc2daa53e105c844af919	2026-04-25T15:18:56.996325+00:00	rst	25a97c4c8405bcccc85e7a4eadc4f91bd07b6de9	
https://gitlab.com/YottaDB/DB/YDBDoc.git#25a97c4c8405bcccc85e7a4eadc4f91bd07b6de9:MultiLangProgGuide/examples/Makefile	repo/MultiLangProgGuide/examples/Makefile	387f1268f4649b7c8442a25e75de9fb6f7fabed4fbd93d5aa9cd3a478344346c	2026-04-25T15:18:56.996325+00:00	asset	25a97c4c8405bcccc85e7a4eadc4f91bd07b6de9	
https://gitlab.com/YottaDB/DB/YDBDoc.git#25a97c4c8405bcccc85e7a4eadc4f91bd07b6de9:MultiLangProgGuide/examples/encode.c	repo/MultiLangProgGuide/examples/encode.c	5f316bef217da12830c6a306cb3e29f5cb1265465c106b0b5436e58d17018f95	2026-04-25T15:18:56.996325+00:00	asset	25a97c4c8405bcccc85e7a4eadc4f91bd07b6de9	
https://gitlab.com/YottaDB/DB/YDBDoc.git#25a97c4c8405bcccc85e7a4eadc4f91bd07b6de9:MultiLangProgGuide/examples/invalid.c	repo/MultiLangProgGuide/examples/invalid.c	79b941d022231e70cda994858f08dd7e99087b02f387a08784c115c9dbf3fec8	2026-04-25T15:18:56.996325+00:00	asset	25a97c4c8405bcccc85e7a4eadc4f91bd07b6de9	
https://gitlab.com/YottaDB/DB/YDBDoc.git#25a97c4c8405bcccc85e7a4eadc4f91bd07b6de9:MultiLangProgGuide/examples/longkey.c	repo/MultiLangProgGuide/examples/longkey.c	62987d7d91f3053df0b75652fff9cd6eff744546a9a86f76eec590d24874668b	2026-04-25T15:18:56.996325+00:00	asset	25a97c4c8405bcccc85e7a4eadc4f91bd07b6de9	
https://gitlab.com/YottaDB/DB/YDBDoc.git#25a97c4c8405bcccc85e7a4eadc4f91bd07b6de9:MultiLangProgGuide/examples/longvalue.c	repo/MultiLangProgGuide/examples/longvalue.c	5b718fe80f5ff817e7298e98c8be0bdc8a72a1760135b06b2e58a1d696827c65	2026-04-25T15:18:56.996325+00:00	asset	25a97c4c8405bcccc85e7a4eadc4f91bd07b6de9	
https://gitlab.com/YottaDB/DB/YDBDoc.git#25a97c4c8405bcccc85e7a4eadc4f91bd07b6de9:MultiLangProgGuide/examples/simple.c	repo/MultiLangProgGuide/examples/simple.c	6610b8f72787923d75d4c0baf0070646497162488766549219ae8c900a6ffa56	2026-04-25T15:18:56.996325+00:00	asset	25a97c4c8405bcccc85e7a4eadc4f91bd07b6de9	
https://gitlab.com/YottaDB/DB/YDBDoc.git#25a97c4c8405bcccc85e7a4eadc4f91bd07b6de9:MultiLangProgGuide/examples/users.c	repo/MultiLangProgGuide/examples/users.c	727507bc2de003a7aab3834e65db8f56a94a582c52c371f7271d0ed10c684278	2026-04-25T15:18:56.996325+00:00	asset	25a97c4c8405bcccc85e7a4eadc4f91bd07b6de9	
https://gitlab.com/YottaDB/DB/YDBDoc.git#25a97c4c8405bcccc85e7a4eadc4f91bd07b6de9:MultiLangProgGuide/goprogram.rst	repo/MultiLangProgGuide/goprogram.rst	5b430a0481ef3d1569c15cc2b2c219d5e9a92afdae372f1e12406668344f9848	2026-04-25T15:18:56.996325+00:00	rst	25a97c4c8405bcccc85e7a4eadc4f91bd07b6de9	
https://gitlab.com/YottaDB/DB/YDBDoc.git#25a97c4c8405bcccc85e7a4eadc4f91bd07b6de9:MultiLangProgGuide/index.rst	repo/MultiLangProgGuide/index.rst	fcf27fe8a4c107875ab8c6423e7c4b9da179e1683eb72f074a82703c412407ad	2026-04-25T15:18:56.996325+00:00	rst	25a97c4c8405bcccc85e7a4eadc4f91bd07b6de9	
https://gitlab.com/YottaDB/DB/YDBDoc.git#25a97c4c8405bcccc85e7a4eadc4f91bd07b6de9:MultiLangProgGuide/jsprogram.rst	repo/MultiLangProgGuide/jsprogram.rst	416982d4d72ae9f2f3fabdd19232efdc64a7238c45b70c04cc015f43aaa86471	2026-04-25T15:18:56.996325+00:00	rst	25a97c4c8405bcccc85e7a4eadc4f91bd07b6de9	
https://gitlab.com/YottaDB/DB/YDBDoc.git#25a97c4c8405bcccc85e7a4eadc4f91bd07b6de9:MultiLangProgGuide/luaprogram.rst	repo/MultiLangProgGuide/luaprogram.rst	d8f63db70d62e9e6b0270fe1a676ec784687ea97a35379c90a59a7f715143503	2026-04-25T15:18:56.996325+00:00	rst	25a97c4c8405bcccc85e7a4eadc4f91bd07b6de9	
https://gitlab.com/YottaDB/DB/YDBDoc.git#25a97c4c8405bcccc85e7a4eadc4f91bd07b6de9:MultiLangProgGuide/nimprogram.rst	repo/MultiLangProgGuide/nimprogram.rst	89f9654f93b96d2f36a933b22c6428b2deb6dd7fba33f8aae03e3b79d7b3b5a0	2026-04-25T15:18:56.996325+00:00	rst	25a97c4c8405bcccc85e7a4eadc4f91bd07b6de9	
https://gitlab.com/YottaDB/DB/YDBDoc.git#25a97c4c8405bcccc85e7a4eadc4f91bd07b6de9:MultiLangProgGuide/perlprogram.rst	repo/MultiLangProgGuide/perlprogram.rst	ac68667e22ce9c94ef690edffab4c2c429510f7cda8561786bd26a2362e37df9	2026-04-25T15:18:56.996325+00:00	rst	25a97c4c8405bcccc85e7a4eadc4f91bd07b6de9	
https://gitlab.com/YottaDB/DB/YDBDoc.git#25a97c4c8405bcccc85e7a4eadc4f91bd07b6de9:MultiLangProgGuide/phpprogram.rst	repo/MultiLangProgGuide/phpprogram.rst	db3139a98c8a3cdc8174632d388f8605b715dec2a206dc48ccce67aa6a9d51a2	2026-04-25T15:18:56.996325+00:00	rst	25a97c4c8405bcccc85e7a4eadc4f91bd07b6de9	
https://gitlab.com/YottaDB/DB/YDBDoc.git#25a97c4c8405bcccc85e7a4eadc4f91bd07b6de9:MultiLangProgGuide/programmingnotes.rst	repo/MultiLangProgGuide/programmingnotes.rst	de0a555bed82482939fb5bbbab1445d87ffcda84c0822b9d1faf5deb691ea183	2026-04-25T15:18:56.996325+00:00	rst	25a97c4c8405bcccc85e7a4eadc4f91bd07b6de9	
https://gitlab.com/YottaDB/DB/YDBDoc.git#25a97c4c8405bcccc85e7a4eadc4f91bd07b6de9:MultiLangProgGuide/pythonprogram.rst	repo/MultiLangProgGuide/pythonprogram.rst	6a88682d12f3fa32303bca885bbec0a77028031144e59681940ee9300f8b1ac4	2026-04-25T15:18:56.996325+00:00	rst	25a97c4c8405bcccc85e7a4eadc4f91bd07b6de9	
https://gitlab.com/YottaDB/DB/YDBDoc.git#25a97c4c8405bcccc85e7a4eadc4f91bd07b6de9:MultiLangProgGuide/rustprogram.rst	repo/MultiLangProgGuide/rustprogram.rst	0355c397bd8dd52297b5f45693f0588ba504f28439bb014829993decada1f415	2026-04-25T15:18:56.996325+00:00	rst	25a97c4c8405bcccc85e7a4eadc4f91bd07b6de9	
https://gitlab.com/YottaDB/DB/YDBDoc.git#25a97c4c8405bcccc85e7a4eadc4f91bd07b6de9:Plugins/index.rst	repo/Plugins/index.rst	2b2efd6d285f7a62abc3829215bd233ba47a69ebdf206c4c79bbb095573b4dd4	2026-04-25T15:18:56.996325+00:00	rst	25a97c4c8405bcccc85e7a4eadc4f91bd07b6de9	
https://gitlab.com/YottaDB/DB/YDBDoc.git#25a97c4c8405bcccc85e7a4eadc4f91bd07b6de9:Plugins/scandemo2.m	repo/Plugins/scandemo2.m	be2b9b6df7b0a0486a0ce22e0d6e5e2b3ee200b165546e13d721891029fe4536	2026-04-25T15:18:56.996325+00:00	asset	25a97c4c8405bcccc85e7a4eadc4f91bd07b6de9	
https://gitlab.com/YottaDB/DB/YDBDoc.git#25a97c4c8405bcccc85e7a4eadc4f91bd07b6de9:Plugins/ydbaim.rst	repo/Plugins/ydbaim.rst	823654d3728ebb1878792f6c63d30bce694e8c69e828c65d710c9ee25d182568	2026-04-25T15:18:56.996325+00:00	rst	25a97c4c8405bcccc85e7a4eadc4f91bd07b6de9	
https://gitlab.com/YottaDB/DB/YDBDoc.git#25a97c4c8405bcccc85e7a4eadc4f91bd07b6de9:Plugins/ydbposix.rst	repo/Plugins/ydbposix.rst	ad460a71c39916c9654067d7421cff316d08eda440f5d9963b22309e2b4c4a17	2026-04-25T15:18:56.996325+00:00	rst	25a97c4c8405bcccc85e7a4eadc4f91bd07b6de9	
https://gitlab.com/YottaDB/DB/YDBDoc.git#25a97c4c8405bcccc85e7a4eadc4f91bd07b6de9:Plugins/ydbsupport.rst	repo/Plugins/ydbsupport.rst	892851821a9b0af71890cdf9721e81ad76c256c57a21a347ee611615ec176706	2026-04-25T15:18:56.996325+00:00	rst	25a97c4c8405bcccc85e7a4eadc4f91bd07b6de9	
https://gitlab.com/YottaDB/DB/YDBDoc.git#25a97c4c8405bcccc85e7a4eadc4f91bd07b6de9:Plugins/ydbsyslog.rst	repo/Plugins/ydbsyslog.rst	e724b9744e3b7d57bd50718d549b0189ad3ab6b5baa7c005dccd129089cc154e	2026-04-25T15:18:56.996325+00:00	rst	25a97c4c8405bcccc85e7a4eadc4f91bd07b6de9	
https://gitlab.com/YottaDB/DB/YDBDoc.git#25a97c4c8405bcccc85e7a4eadc4f91bd07b6de9:Plugins/ydbwebserver.rst	repo/Plugins/ydbwebserver.rst	e492644f1cee3137e5a6d0c2e2bf4a31f0c8c9a5e06986a840a05b36a9f2d87f	2026-04-25T15:18:56.996325+00:00	rst	25a97c4c8405bcccc85e7a4eadc4f91bd07b6de9	
https://gitlab.com/YottaDB/DB/YDBDoc.git#25a97c4c8405bcccc85e7a4eadc4f91bd07b6de9:Plugins/ydbzlib.rst	repo/Plugins/ydbzlib.rst	855e20ccf1bee71afb01faaeaa1fd8c7f8be07113a5f472561867d90b789aee2	2026-04-25T15:18:56.996325+00:00	rst	25a97c4c8405bcccc85e7a4eadc4f91bd07b6de9	
https://gitlab.com/YottaDB/DB/YDBDoc.git#25a97c4c8405bcccc85e7a4eadc4f91bd07b6de9:ProgrammersGuide/about.rst	repo/ProgrammersGuide/about.rst	1f2830412a27f0bc0545893073a771b7efb8cd979365d3183d07e49a5540d222	2026-04-25T15:18:56.996325+00:00	rst	25a97c4c8405bcccc85e7a4eadc4f91bd07b6de9	
https://gitlab.com/YottaDB/DB/YDBDoc.git#25a97c4c8405bcccc85e7a4eadc4f91bd07b6de9:ProgrammersGuide/accttrig.svg	repo/ProgrammersGuide/accttrig.svg	7c307620195dd68669e7ec24d0eefa0df224506b00b8fd8106f3d1722cbdd428	2026-04-25T15:18:56.996325+00:00	asset	25a97c4c8405bcccc85e7a4eadc4f91bd07b6de9	
https://gitlab.com/YottaDB/DB/YDBDoc.git#25a97c4c8405bcccc85e7a4eadc4f91bd07b6de9:ProgrammersGuide/appendix.rst	repo/ProgrammersGuide/appendix.rst	85f5f4b6f8a611aacefb6d48dbbcf66e18838ab433a0e922064d6f8741bb01d0	2026-04-25T15:18:56.996325+00:00	rst	25a97c4c8405bcccc85e7a4eadc4f91bd07b6de9	
https://gitlab.com/YottaDB/DB/YDBDoc.git#25a97c4c8405bcccc85e7a4eadc4f91bd07b6de9:ProgrammersGuide/col_reverse_32.c	repo/ProgrammersGuide/col_reverse_32.c	1ffad162910faec9f3918e8840d87589cb913a5145fb5267bad9cbf6c96b62f3	2026-04-25T15:18:56.996325+00:00	asset	25a97c4c8405bcccc85e7a4eadc4f91bd07b6de9	
https://gitlab.com/YottaDB/DB/YDBDoc.git#25a97c4c8405bcccc85e7a4eadc4f91bd07b6de9:ProgrammersGuide/commands.rst	repo/ProgrammersGuide/commands.rst	187718239a90859c3d2f4405c64cda4971f84dadaeb64cc4553ed602e4f3a1b4	2026-04-25T15:18:56.996325+00:00	rst	25a97c4c8405bcccc85e7a4eadc4f91bd07b6de9	
https://gitlab.com/YottaDB/DB/YDBDoc.git#25a97c4c8405bcccc85e7a4eadc4f91bd07b6de9:ProgrammersGuide/devcycle.rst	repo/ProgrammersGuide/devcycle.rst	9e31a33a39ec630e32a80cd863cb7633a607caef8b69a48f9f7519d5bbfdc650	2026-04-25T15:18:56.996325+00:00	rst	25a97c4c8405bcccc85e7a4eadc4f91bd07b6de9	
https://gitlab.com/YottaDB/DB/YDBDoc.git#25a97c4c8405bcccc85e7a4eadc4f91bd07b6de9:ProgrammersGuide/encrypt.rst	repo/ProgrammersGuide/encrypt.rst	2b18a7fe0b8ebb77f4bbf026d6bd79b85c35ed5efcd99da21189d612de77af74	2026-04-25T15:18:56.996325+00:00	rst	25a97c4c8405bcccc85e7a4eadc4f91bd07b6de9	
https://gitlab.com/YottaDB/DB/YDBDoc.git#25a97c4c8405bcccc85e7a4eadc4f91bd07b6de9:ProgrammersGuide/errproc.rst	repo/ProgrammersGuide/errproc.rst	51b208450aafe7e52a41bbbca76e41d09252401f3075c702e28ac42629c265c9	2026-04-25T15:18:56.996325+00:00	rst	25a97c4c8405bcccc85e7a4eadc4f91bd07b6de9	
https://gitlab.com/YottaDB/DB/YDBDoc.git#25a97c4c8405bcccc85e7a4eadc4f91bd07b6de9:ProgrammersGuide/extrout.rst	repo/ProgrammersGuide/extrout.rst	308f0a4bfb848a07f61542580448252f11a8d029fb7a78cf311e15895393bfca	2026-04-25T15:18:56.996325+00:00	rst	25a97c4c8405bcccc85e7a4eadc4f91bd07b6de9	
https://gitlab.com/YottaDB/DB/YDBDoc.git#25a97c4c8405bcccc85e7a4eadc4f91bd07b6de9:ProgrammersGuide/functions.rst	repo/ProgrammersGuide/functions.rst	105e515a9e7ebd97d03998604d14b65c56f4b8ddddf0c764f28d5976c20fa1b3	2026-04-25T15:18:56.996325+00:00	rst	25a97c4c8405bcccc85e7a4eadc4f91bd07b6de9	
https://gitlab.com/YottaDB/DB/YDBDoc.git#25a97c4c8405bcccc85e7a4eadc4f91bd07b6de9:ProgrammersGuide/index.rst	repo/ProgrammersGuide/index.rst	176489e8e62c367234b0b2754e99af2a48ad9d693760b05993137c462f5f5bd7	2026-04-25T15:18:56.996325+00:00	rst	25a97c4c8405bcccc85e7a4eadc4f91bd07b6de9	
https://gitlab.com/YottaDB/DB/YDBDoc.git#25a97c4c8405bcccc85e7a4eadc4f91bd07b6de9:ProgrammersGuide/internatn.rst	repo/ProgrammersGuide/internatn.rst	c169da2cc0411a90126c019c0452dfe1ce1b3a6f161847ee121a9ef32bd09321	2026-04-25T15:18:56.996325+00:00	rst	25a97c4c8405bcccc85e7a4eadc4f91bd07b6de9	
https://gitlab.com/YottaDB/DB/YDBDoc.git#25a97c4c8405bcccc85e7a4eadc4f91bd07b6de9:ProgrammersGuide/ioproc.rst	repo/ProgrammersGuide/ioproc.rst	47c6696b366d4fea954e58343946121d37814c4b9fa657c4ea3075e2ba2658b5	2026-04-25T15:18:56.996325+00:00	rst	25a97c4c8405bcccc85e7a4eadc4f91bd07b6de9	
https://gitlab.com/YottaDB/DB/YDBDoc.git#25a97c4c8405bcccc85e7a4eadc4f91bd07b6de9:ProgrammersGuide/isv.rst	repo/ProgrammersGuide/isv.rst	32a05c3518bb3ef01e475fa1f08c77e4e603634c327bd8ac61c1e8f979f94385	2026-04-25T15:18:56.996325+00:00	rst	25a97c4c8405bcccc85e7a4eadc4f91bd07b6de9	
https://gitlab.com/YottaDB/DB/YDBDoc.git#25a97c4c8405bcccc85e7a4eadc4f91bd07b6de9:ProgrammersGuide/kcin.gif	repo/ProgrammersGuide/kcin.gif	2bd8ad9e265a924b482e710d961cf28b33c544684bef19a207425dfbb6421806	2026-04-25T15:18:56.996325+00:00	asset	25a97c4c8405bcccc85e7a4eadc4f91bd07b6de9	
https://gitlab.com/YottaDB/DB/YDBDoc.git#25a97c4c8405bcccc85e7a4eadc4f91bd07b6de9:ProgrammersGuide/langext.rst	repo/ProgrammersGuide/langext.rst	d7e8fa18504d2d4a17813756649fe5d2029d3708c8088990c72cff23d607fdf5	2026-04-25T15:18:56.996325+00:00	rst	25a97c4c8405bcccc85e7a4eadc4f91bd07b6de9	
https://gitlab.com/YottaDB/DB/YDBDoc.git#25a97c4c8405bcccc85e7a4eadc4f91bd07b6de9:ProgrammersGuide/langfeat.rst	repo/ProgrammersGuide/langfeat.rst	825d550663e059e9d7c919c26b34ef41e6e88904b8fb92a3286eacfde315b303	2026-04-25T15:18:56.996325+00:00	rst	25a97c4c8405bcccc85e7a4eadc4f91bd07b6de9	
https://gitlab.com/YottaDB/DB/YDBDoc.git#25a97c4c8405bcccc85e7a4eadc4f91bd07b6de9:ProgrammersGuide/man.rst	repo/ProgrammersGuide/man.rst	5326f5d7b0d075ac99f78702e0b5a2723f13c9cd5beea0b247c8eba06bbb946e	2026-04-25T15:18:56.996325+00:00	rst	25a97c4c8405bcccc85e7a4eadc4f91bd07b6de9	
https://gitlab.com/YottaDB/DB/YDBDoc.git#25a97c4c8405bcccc85e7a4eadc4f91bd07b6de9:ProgrammersGuide/morereadtime.png	repo/ProgrammersGuide/morereadtime.png	3747170b45ebee2a949668692fb7b37fa0da40d3e6f51ee7e28b67e6f97a096a	2026-04-25T15:18:56.996325+00:00	asset	25a97c4c8405bcccc85e7a4eadc4f91bd07b6de9	
https://gitlab.com/YottaDB/DB/YDBDoc.git#25a97c4c8405bcccc85e7a4eadc4f91bd07b6de9:ProgrammersGuide/opdebug.rst	repo/ProgrammersGuide/opdebug.rst	1f53413f93318803122f04aa51352c5c298e06a28752fbd57e8666bace197d6a	2026-04-25T15:18:56.996325+00:00	rst	25a97c4c8405bcccc85e7a4eadc4f91bd07b6de9	
https://gitlab.com/YottaDB/DB/YDBDoc.git#25a97c4c8405bcccc85e7a4eadc4f91bd07b6de9:ProgrammersGuide/passTCPSocket.m	repo/ProgrammersGuide/passTCPSocket.m	1ef50aa87b71d28e55d50918711fb1f826569a1bbfb43a92437b322473efa7c4	2026-04-25T15:18:56.996325+00:00	asset	25a97c4c8405bcccc85e7a4eadc4f91bd07b6de9	
https://gitlab.com/YottaDB/DB/YDBDoc.git#25a97c4c8405bcccc85e7a4eadc4f91bd07b6de9:ProgrammersGuide/passTCPSocket2.m	repo/ProgrammersGuide/passTCPSocket2.m	0b7ff42dde98d176933858d776aec2fcd6c4a522df7f67cd8fd066edf80674c3	2026-04-25T15:18:56.996325+00:00	asset	25a97c4c8405bcccc85e7a4eadc4f91bd07b6de9	
https://gitlab.com/YottaDB/DB/YDBDoc.git#25a97c4c8405bcccc85e7a4eadc4f91bd07b6de9:ProgrammersGuide/querytree.svg	repo/ProgrammersGuide/querytree.svg	9e7ed478c53b9368b38a60d4a02335b2c117ff6bd93d71c465d08df9efaf14a7	2026-04-25T15:18:56.996325+00:00	asset	25a97c4c8405bcccc85e7a4eadc4f91bd07b6de9	
https://gitlab.com/YottaDB/DB/YDBDoc.git#25a97c4c8405bcccc85e7a4eadc4f91bd07b6de9:ProgrammersGuide/setcin.gif	repo/ProgrammersGuide/setcin.gif	1026e814655ae1c4252bcfc6ac1a1816a65ad409787b0deace57665567593627	2026-04-25T15:18:56.996325+00:00	asset	25a97c4c8405bcccc85e7a4eadc4f91bd07b6de9	
https://gitlab.com/YottaDB/DB/YDBDoc.git#25a97c4c8405bcccc85e7a4eadc4f91bd07b6de9:ProgrammersGuide/sockexamplemulti31.m	repo/ProgrammersGuide/sockexamplemulti31.m	391c81d57d975c1c8ae0f9f336401f4cbb2e430d3aec5314a4fb37c4175f1050	2026-04-25T15:18:56.996325+00:00	asset	25a97c4c8405bcccc85e7a4eadc4f91bd07b6de9	
https://gitlab.com/YottaDB/DB/YDBDoc.git#25a97c4c8405bcccc85e7a4eadc4f91bd07b6de9:ProgrammersGuide/triggers.rst	repo/ProgrammersGuide/triggers.rst	03ee4b03dce23e52b8076e7eb0e31fb8db3cacc0908631e3d6b87edef92cd1eb	2026-04-25T15:18:56.996325+00:00	rst	25a97c4c8405bcccc85e7a4eadc4f91bd07b6de9	
https://gitlab.com/YottaDB/DB/YDBDoc.git#25a97c4c8405bcccc85e7a4eadc4f91bd07b6de9:ProgrammersGuide/utility.rst	repo/ProgrammersGuide/utility.rst	f849c221af088822d9662c69843701db8b71673858ca5ae2dd89a470d096ac94	2026-04-25T15:18:56.996325+00:00	rst	25a97c4c8405bcccc85e7a4eadc4f91bd07b6de9	
https://gitlab.com/YottaDB/DB/YDBDoc.git#25a97c4c8405bcccc85e7a4eadc4f91bd07b6de9:ProgrammersGuide/ztcommit.svg	repo/ProgrammersGuide/ztcommit.svg	f2cc2fe34786253ae172c7f567d619c98d05d04e6cf3c217a7836b15c2e5384b	2026-04-25T15:18:56.996325+00:00	asset	25a97c4c8405bcccc85e7a4eadc4f91bd07b6de9	
https://gitlab.com/YottaDB/DB/YDBDoc.git#25a97c4c8405bcccc85e7a4eadc4f91bd07b6de9:README.md	repo/README.md	85ff9a08adf1146ee8869ab04d031e2338c99a0a5843e412af261c619e6edc89	2026-04-25T15:18:56.996325+00:00	md	25a97c4c8405bcccc85e7a4eadc4f91bd07b6de9	
https://gitlab.com/YottaDB/DB/YDBDoc.git#25a97c4c8405bcccc85e7a4eadc4f91bd07b6de9:ReleaseNotes/LICENSE.md	repo/ReleaseNotes/LICENSE.md	29bd96cd81e0a5891fbb463fcd657939c0092ba01dca596a25e6266e865c373e	2026-04-25T15:18:56.996325+00:00	md	25a97c4c8405bcccc85e7a4eadc4f91bd07b6de9	
https://gitlab.com/YottaDB/DB/YDBDoc.git#25a97c4c8405bcccc85e7a4eadc4f91bd07b6de9:ReleaseNotes/ydbr100.md	repo/ReleaseNotes/ydbr100.md	44026ee32e52745a061c3fb8157015fdcb01802c391a39e0aa311494b6be5405	2026-04-25T15:18:56.996325+00:00	md	25a97c4c8405bcccc85e7a4eadc4f91bd07b6de9	
https://gitlab.com/YottaDB/DB/YDBDoc.git#25a97c4c8405bcccc85e7a4eadc4f91bd07b6de9:ReleaseNotes/ydbr110.md	repo/ReleaseNotes/ydbr110.md	a3163faa2ebb572afcff69fe70dd3e316d5b624dd819f9b401086ce441de9c15	2026-04-25T15:18:56.996325+00:00	md	25a97c4c8405bcccc85e7a4eadc4f91bd07b6de9	
https://gitlab.com/YottaDB/DB/YDBDoc.git#25a97c4c8405bcccc85e7a4eadc4f91bd07b6de9:ReleaseNotes/ydbr120.md	repo/ReleaseNotes/ydbr120.md	6a1229a6e1e51885bffcf4dc4f7f6186877e581ce474656c11e09663dd970f0c	2026-04-25T15:18:56.996325+00:00	md	25a97c4c8405bcccc85e7a4eadc4f91bd07b6de9	
https://gitlab.com/YottaDB/DB/YDBDoc.git#25a97c4c8405bcccc85e7a4eadc4f91bd07b6de9:ReleaseNotes/ydbr122.md	repo/ReleaseNotes/ydbr122.md	5e4d82b08c441144c05ccaac724a170198ab6356fe2b8547c8bf83f131f7c610	2026-04-25T15:18:56.996325+00:00	md	25a97c4c8405bcccc85e7a4eadc4f91bd07b6de9	
https://gitlab.com/YottaDB/DB/YDBDoc.git#25a97c4c8405bcccc85e7a4eadc4f91bd07b6de9:ReleaseNotes/ydbr124.md	repo/ReleaseNotes/ydbr124.md	a34b51807b48055139c4b93f2461f63aba8abe233c071533f9507a082e28118e	2026-04-25T15:18:56.996325+00:00	md	25a97c4c8405bcccc85e7a4eadc4f91bd07b6de9	
https://gitlab.com/YottaDB/DB/YDBDoc.git#25a97c4c8405bcccc85e7a4eadc4f91bd07b6de9:ReleaseNotes/ydbr126.md	repo/ReleaseNotes/ydbr126.md	bf92375928ad74821d52946cd0d1c538af9aef6e919f0e0376a146ce90b2ab59	2026-04-25T15:18:56.996325+00:00	md	25a97c4c8405bcccc85e7a4eadc4f91bd07b6de9	
https://gitlab.com/YottaDB/DB/YDBDoc.git#25a97c4c8405bcccc85e7a4eadc4f91bd07b6de9:ReleaseNotes/ydbr128.md	repo/ReleaseNotes/ydbr128.md	e8412d5cf1cd015ad9c4da56077871470958fb0dda965e41e99d2dc97ba3684b	2026-04-25T15:18:56.996325+00:00	md	25a97c4c8405bcccc85e7a4eadc4f91bd07b6de9	
https://gitlab.com/YottaDB/DB/YDBDoc.git#25a97c4c8405bcccc85e7a4eadc4f91bd07b6de9:ReleaseNotes/ydbr130.md	repo/ReleaseNotes/ydbr130.md	c82fde79daf97251f42f4947db13499ba5679ede503833f7688d75078daca315	2026-04-25T15:18:56.996325+00:00	md	25a97c4c8405bcccc85e7a4eadc4f91bd07b6de9	
https://gitlab.com/YottaDB/DB/YDBDoc.git#25a97c4c8405bcccc85e7a4eadc4f91bd07b6de9:ReleaseNotes/ydbr132.md	repo/ReleaseNotes/ydbr132.md	cc8e6c9ee83687fd38d3b7e1e176cd4aad69b1b3f6be1cba3f8a47b2977ea6f9	2026-04-25T15:18:56.996325+00:00	md	25a97c4c8405bcccc85e7a4eadc4f91bd07b6de9	
https://gitlab.com/YottaDB/DB/YDBDoc.git#25a97c4c8405bcccc85e7a4eadc4f91bd07b6de9:ReleaseNotes/ydbr134.md	repo/ReleaseNotes/ydbr134.md	6247e78a901b28fdaf35d8ca10cd0ecb2faf9276ace94bec8e07cdaf0314bb12	2026-04-25T15:18:56.996325+00:00	md	25a97c4c8405bcccc85e7a4eadc4f91bd07b6de9	
https://gitlab.com/YottaDB/DB/YDBDoc.git#25a97c4c8405bcccc85e7a4eadc4f91bd07b6de9:ReleaseNotes/ydbr136.md	repo/ReleaseNotes/ydbr136.md	ad608537469768bea1c8dbd746e35a503b7a7dd0c1aee65b8457a73a43795703	2026-04-25T15:18:56.996325+00:00	md	25a97c4c8405bcccc85e7a4eadc4f91bd07b6de9	
https://gitlab.com/YottaDB/DB/YDBDoc.git#25a97c4c8405bcccc85e7a4eadc4f91bd07b6de9:ReleaseNotes/ydbr138.md	repo/ReleaseNotes/ydbr138.md	1013b9a554e92b134a5d76fd4be88a2a923e7dfd789efa8601d1033243d734ef	2026-04-25T15:18:56.996325+00:00	md	25a97c4c8405bcccc85e7a4eadc4f91bd07b6de9	
https://gitlab.com/YottaDB/DB/YDBDoc.git#25a97c4c8405bcccc85e7a4eadc4f91bd07b6de9:ReleaseNotes/ydbr200.md	repo/ReleaseNotes/ydbr200.md	567410df223f97cda5ac33f79e9041771ae92a401aaf5314dcce93eb18270cf6	2026-04-25T15:18:56.996325+00:00	md	25a97c4c8405bcccc85e7a4eadc4f91bd07b6de9	
https://gitlab.com/YottaDB/DB/YDBDoc.git#25a97c4c8405bcccc85e7a4eadc4f91bd07b6de9:ReleaseNotes/ydbr202.md	repo/ReleaseNotes/ydbr202.md	44981881d08a0e22802cae91e762ad140912692c93dd7f876c70900c94e471f1	2026-04-25T15:18:56.996325+00:00	md	25a97c4c8405bcccc85e7a4eadc4f91bd07b6de9	
https://gitlab.com/YottaDB/DB/YDBDoc.git#25a97c4c8405bcccc85e7a4eadc4f91bd07b6de9:ReleaseNotes/ydbr204.md	repo/ReleaseNotes/ydbr204.md	ce2bbd46d4f1b1c22e16494b098243a20cec8421e9bb46d86f2dbf399b90bea0	2026-04-25T15:18:56.996325+00:00	md	25a97c4c8405bcccc85e7a4eadc4f91bd07b6de9	
https://gitlab.com/YottaDB/DB/YDBDoc.git#25a97c4c8405bcccc85e7a4eadc4f91bd07b6de9:StyleGuide/index.rst	repo/StyleGuide/index.rst	67ea6854456837ebd86c6d97295931347720d662549d056fc628e867a8262f45	2026-04-25T15:18:56.996325+00:00	rst	25a97c4c8405bcccc85e7a4eadc4f91bd07b6de9	
https://gitlab.com/YottaDB/DB/YDBDoc.git#25a97c4c8405bcccc85e7a4eadc4f91bd07b6de9:StyleGuide/styleguide.rst	repo/StyleGuide/styleguide.rst	18afb34d1dc9c3539725a4727dcc793d3758ade3b3ddaca8f8e50aa425b7da57	2026-04-25T15:18:56.996325+00:00	rst	25a97c4c8405bcccc85e7a4eadc4f91bd07b6de9	
https://gitlab.com/YottaDB/DB/YDBDoc.git#25a97c4c8405bcccc85e7a4eadc4f91bd07b6de9:YottaDBdoc.style	repo/YottaDBdoc.style	1d41d657d7c4e55b7a19d787c5be45bd8c973768d20d4ad6e2f93338029243a7	2026-04-25T15:18:56.996325+00:00	asset	25a97c4c8405bcccc85e7a4eadc4f91bd07b6de9	
https://gitlab.com/YottaDB/DB/YDBDoc.git#25a97c4c8405bcccc85e7a4eadc4f91bd07b6de9:buildall.sh	repo/buildall.sh	ccff936afa370d1ac9bc4bd0fc2abed2b72247b1dc9aef5debeeacad44957b6b	2026-04-25T15:18:56.996325+00:00	asset	25a97c4c8405bcccc85e7a4eadc4f91bd07b6de9	
https://gitlab.com/YottaDB/DB/YDBDoc.git#25a97c4c8405bcccc85e7a4eadc4f91bd07b6de9:ci/error-check.sh	repo/ci/error-check.sh	d917c91fe8174b3f2b3c34fed4722d8ccd4f11a167ae7866bcdfd571f7b884d4	2026-04-25T15:18:56.996325+00:00	asset	25a97c4c8405bcccc85e7a4eadc4f91bd07b6de9	
https://gitlab.com/YottaDB/DB/YDBDoc.git#25a97c4c8405bcccc85e7a4eadc4f91bd07b6de9:ci/error_sync.py	repo/ci/error_sync.py	aecde52cb68632f829ebff3becaf7b0ceb97be9a55b3641a5a4f927370eb5245	2026-04-25T15:18:56.996325+00:00	asset	25a97c4c8405bcccc85e7a4eadc4f91bd07b6de9	
https://gitlab.com/YottaDB/DB/YDBDoc.git#25a97c4c8405bcccc85e7a4eadc4f91bd07b6de9:ci/needs-clone.sh	repo/ci/needs-clone.sh	9128a68ce26f6237e1f8547094fe3e434b0cb9fab1e89b8c700d74da4e7ac1dc	2026-04-25T15:18:56.996325+00:00	asset	25a97c4c8405bcccc85e7a4eadc4f91bd07b6de9	
https://gitlab.com/YottaDB/DB/YDBDoc.git#25a97c4c8405bcccc85e7a4eadc4f91bd07b6de9:ci/needs_copyright.sh	repo/ci/needs_copyright.sh	2105f0301e6a74dd56e1e39642223f7fbfbc9eaed8a4080378bac22a3008e605	2026-04-25T15:18:56.996325+00:00	asset	25a97c4c8405bcccc85e7a4eadc4f91bd07b6de9	
https://gitlab.com/YottaDB/DB/YDBDoc.git#25a97c4c8405bcccc85e7a4eadc4f91bd07b6de9:ci/settings.sh	repo/ci/settings.sh	67f99d17b0217801a9d05e8ab963bc3c6012fc9cdbb5b5f61d508f2aecc586f9	2026-04-25T15:18:56.996325+00:00	asset	25a97c4c8405bcccc85e7a4eadc4f91bd07b6de9	
https://gitlab.com/YottaDB/DB/YDBDoc.git#25a97c4c8405bcccc85e7a4eadc4f91bd07b6de9:ci/target-branch.sh	repo/ci/target-branch.sh	3c7b0f7c0c35c6031e02f19ad037edeec349a30c27f7e5200725ba77fdb99cc4	2026-04-25T15:18:56.996325+00:00	asset	25a97c4c8405bcccc85e7a4eadc4f91bd07b6de9	
https://gitlab.com/YottaDB/DB/YDBDoc.git#25a97c4c8405bcccc85e7a4eadc4f91bd07b6de9:clang-format-all.sh	repo/clang-format-all.sh	b2503e31e53ca9ff9e4e92efbe4afe9d38fd96b41cc9b14e1212f9d9dea2666a	2026-04-25T15:18:56.996325+00:00	asset	25a97c4c8405bcccc85e7a4eadc4f91bd07b6de9	
https://gitlab.com/YottaDB/DB/YDBDoc.git#25a97c4c8405bcccc85e7a4eadc4f91bd07b6de9:conf.py	repo/conf.py	2d2e2dbfbf6f4b137ff5cb31d77225ab38e52151175b81b66a52e8ceb0ec262d	2026-04-25T15:18:56.996325+00:00	asset	25a97c4c8405bcccc85e7a4eadc4f91bd07b6de9	
https://gitlab.com/YottaDB/DB/YDBDoc.git#25a97c4c8405bcccc85e7a4eadc4f91bd07b6de9:index.rst	repo/index.rst	d0168f6aeadd309ee24aff59f29da8744fcd6218386ae90452320d29664e4a30	2026-04-25T15:18:56.996325+00:00	rst	25a97c4c8405bcccc85e7a4eadc4f91bd07b6de9	
https://gitlab.com/YottaDB/DB/YDBDoc.git#25a97c4c8405bcccc85e7a4eadc4f91bd07b6de9:pre-commit	repo/pre-commit	02b018348dda98d2c3d2d2c33cdeaafbdbc306cbea218dd869bfe811b58cc376	2026-04-25T15:18:56.996325+00:00	asset	25a97c4c8405bcccc85e7a4eadc4f91bd07b6de9	
https://gitlab.com/YottaDB/DB/YDBDoc.git#25a97c4c8405bcccc85e7a4eadc4f91bd07b6de9:shared/LICENSE.rst	repo/shared/LICENSE.rst	9354c56c400b6f2dc0744fdf5a27d54ee9d6242e1c47016e1fe235b287bc14de	2026-04-25T15:18:56.996325+00:00	rst	25a97c4c8405bcccc85e7a4eadc4f91bd07b6de9	
https://gitlab.com/YottaDB/DB/YDBDoc.git#25a97c4c8405bcccc85e7a4eadc4f91bd07b6de9:shared/_static/css/custom.css	repo/shared/_static/css/custom.css	c7961c690b6d1440e1126441171c433a5ae9f5b93eb2aec2c7fc8a13d545e133	2026-04-25T15:18:56.996325+00:00	asset	25a97c4c8405bcccc85e7a4eadc4f91bd07b6de9	
https://gitlab.com/YottaDB/DB/YDBDoc.git#25a97c4c8405bcccc85e7a4eadc4f91bd07b6de9:shared/_templates/footer.html	repo/shared/_templates/footer.html	09a27d04e1dad9aa71f2566d136290c5bb45b24add2638276f6bb516cc3a77b5	2026-04-25T15:18:56.996325+00:00	html	25a97c4c8405bcccc85e7a4eadc4f91bd07b6de9	
https://gitlab.com/YottaDB/DB/YDBDoc.git#25a97c4c8405bcccc85e7a4eadc4f91bd07b6de9:shared/_templates/searchbox.html	repo/shared/_templates/searchbox.html	a5a521c7921f7e1d975385eaee35cec1953f68fd464e0029a3070b1f196bbe49	2026-04-25T15:18:56.996325+00:00	html	25a97c4c8405bcccc85e7a4eadc4f91bd07b6de9	
https://gitlab.com/YottaDB/DB/YDBDoc.git#25a97c4c8405bcccc85e7a4eadc4f91bd07b6de9:shared/favicon.png	repo/shared/favicon.png	a0c64f2abd308a37d23406018381ffdf21d955012b08fd4fc0c0294bb3c148bd	2026-04-25T15:18:56.996325+00:00	asset	25a97c4c8405bcccc85e7a4eadc4f91bd07b6de9	
https://gitlab.com/YottaDB/DB/YDBDoc.git#25a97c4c8405bcccc85e7a4eadc4f91bd07b6de9:shared/logo.png	repo/shared/logo.png	80063e412b770bd7985609d844ccd05dbe4fe5a7b40c7fbb174624d992a9f648	2026-04-25T15:18:56.996325+00:00	asset	25a97c4c8405bcccc85e7a4eadc4f91bd07b6de9	
