concept	name	ydb_section	iris_section
commands	ZBREAK	ProgrammersGuide/commands.rst#ZBREAK	site/RCOS_czbreak.html#RCOS_czbreak
commands	ZKILL	ProgrammersGuide/commands.rst#ZKill	site/RCOS_czkill.html#RCOS_czkill
commands	ZPRINT	ProgrammersGuide/commands.rst#ZPrint	site/RCOS_czprint.html#RCOS_czprint
commands	ZWRITE	ProgrammersGuide/commands.rst#ZWRite	site/RCOS_czwrite.html#RCOS_czwrite
intrinsic-functions	$INCREMENT	ProgrammersGuide/functions.rst#$INCREMENT()	site/RCOS_fincrement.html#RCOS_fincrement
intrinsic-functions	$ZCONVERT	ProgrammersGuide/functions.rst#$ZCONVERT()	site/RCOS_fzconvert.html#RCOS_fzconvert
intrinsic-functions	$ZDATE	ProgrammersGuide/functions.rst#$ZDATE()	site/RCOS_fzdate.html#RCOS_fzdate
intrinsic-functions	$ZSEARCH	ProgrammersGuide/functions.rst#$ZSEARCH()	site/RCOS_fzsearch.html#RCOS_fzsearch
intrinsic-functions	$ZWIDTH	ProgrammersGuide/functions.rst#$ZWIDTH()	site/RCOS_fzwidth.html#RCOS_fzwidth
intrinsic-special-variables	$X	ProgrammersGuide/isv.rst#$X	site/RCOS_vx.html#RCOS_vx
intrinsic-special-variables	$Y	ProgrammersGuide/isv.rst#$Y	site/RCOS_vy.html#RCOS_vy
intrinsic-special-variables	$ZA	ProgrammersGuide/isv.rst#$ZA	site/RCOS_vza.html#RCOS_vza
intrinsic-special-variables	$ZB	ProgrammersGuide/isv.rst#$ZB	site/RCOS_vzb.html#RCOS_vzb
intrinsic-special-variables	$ZEOF	ProgrammersGuide/isv.rst#$ZEOF	site/RCOS_vzeof.html#RCOS_vzeof
intrinsic-special-variables	$ZERROR	ProgrammersGuide/isv.rst#$ZERROR	site/RCOS_vzerror.html#RCOS_vzerror
intrinsic-special-variables	$ZHOROLOG	ProgrammersGuide/isv.rst#$ZHOROLOG	site/RCOS_vzhorolog.html#RCOS_vzhorolog
intrinsic-special-variables	$ZIO	ProgrammersGuide/isv.rst#$ZIO	site/RCOS_vzio.html#RCOS_vzio
intrinsic-special-variables	$ZJOB	ProgrammersGuide/isv.rst#$ZJOB	site/RCOS_vzjob.html#RCOS_vzjob
intrinsic-special-variables	$ZMODE	ProgrammersGuide/isv.rst#$ZMODE	site/RCOS_vzmode.html#RCOS_vzmode
intrinsic-special-variables	$ZTRAP	ProgrammersGuide/isv.rst#$ZTRAP	site/RCOS_vztrap.html#RCOS_vztrap
intrinsic-special-variables	$ZVERSION	ProgrammersGuide/isv.rst#$ZVERSION	site/RCOS_vzversion.html#RCOS_vzversion
